"S.c","I.c","R.c","S.m","I.m","R.m","V7","V8","V9"
5.17660645805487e+24,6.05615187173717e+24,1.72234635695943e+25,1.35702300677619e+25,2.19178182344222e+25,3.38104469135251e+23,1.56990529307279e+25,7.19509249805275e+24,2.39776547873803e+25
1.38443752966656e+25,1.34523786705557e+25,8.06972100376855e+24,1.36496107691337e+25,1.74178052740345e+25,2.75442198235423e+24,2.03510118986779e+25,1.69255496416664e+25,1.2653387335943e+25
1.68439901385529e+25,8.04224184489956e+24,1.72857078942133e+25,1.60852709439391e+25,8.27500035832562e+24,9.37025106729258e+24,1.32829187078498e+25,1.8596777782879e+25,2.30840104197915e+25
1.41220641426127e+25,2.90151339433221e+24,1.4266124928752e+25,2.14862906766898e+25,1.97594171430077e+25,1.44924235340532e+25,1.64130157529721e+24,1.82672734915161e+25,1.62918139919994e+25
1.14793182242767e+25,1.2004630780418e+25,1.53345873423139e+25,1.6792409156015e+24,1.63458880554234e+25,7.56506903801955e+24,1.50131746987289e+25,2.57566939604179e+25,2.10305293349999e+25
1.87198785501927e+25,8.13748238979176e+24,2.26828581954489e+25,8.71884979394926e+24,2.54502733600756e+25,7.59090442629932e+24,2.45822724366549e+25,7.8570592799026e+24,2.59548141232587e+25
3.73129029288228e+23,2.44431344394502e+25,5.40669142225354e+24,1.83348106538654e+25,1.14060631017273e+25,2.04757193131114e+25,2.46618615709099e+25,1.23576122280761e+25,2.02204264261566e+25
3.51369672099894e+24,1.04645650879668e+25,2.3930635889195e+25,2.22943983213857e+25,3.54363476593697e+24,1.2943987471735e+25,1.75123339602428e+25,9.0231546675676e+24,1.28462700607038e+25
3.40522407398892e+24,1.49954827603186e+25,2.36827693667987e+25,2.40349883726761e+25,1.12714073127181e+25,2.56852193857278e+25,1.06281396440461e+25,4.56203833077866e+24,1.64274172738252e+25
3.17465701551626e+24,1.13591738586457e+25,2.02403832641148e+25,5.2341041645103e+24,1.02644193369971e+25,1.36759339954948e+25,1.1195666746659e+25,2.20148417978139e+25,2.07604760786238e+25
2.32447796412595e+25,1.65605611600876e+25,2.56452456861353e+25,4.01475501481385e+24,2.05480830776174e+25,2.06407040453016e+25,8.19379982570509e+24,5.83369306174141e+24,1.88753023203888e+25
1.9518833762339e+25,3.72872844695862e+24,2.2768033538597e+25,9.45381621142581e+24,1.10591271830121e+25,1.70626636119924e+25,1.17080600211136e+25,4.54267872886475e+24,1.03647669560726e+25
1.18257114076057e+25,1.73283813572495e+25,9.56224002739743e+24,1.32238906820698e+25,5.9814522485072e+23,1.41738071102504e+25,1.15630400436885e+25,2.96602097213324e+24,2.14271780119893e+25
1.16700455635977e+25,1.99764867255401e+25,2.01072412350487e+25,2.49550702347456e+24,1.40861532115854e+25,1.83059174085833e+25,1.91699138510862e+25,2.12905826415075e+25,2.46962804840275e+25
2.45322844651442e+25,1.8117238771748e+24,1.9304417545191e+25,1.06030774402561e+25,1.50373087038053e+25,1.08011083890684e+25,1.47189396426038e+25,5.84590089867001e+24,1.25461421113933e+25
2.08688827510912e+24,2.34864799848205e+25,2.17003717535604e+25,5.4718547485688e+23,6.9438940553445e+24,1.66897128182242e+25,2.5045565928546e+25,5.93495778784337e+24,2.09684581248484e+25
1.33547346538846e+25,6.12851715977179e+24,1.71939394133111e+25,1.17905857651802e+25,8.5259741756788e+24,9.9739920632872e+24,1.3309934374138e+25,5.65922360766431e+24,2.1857871863483e+25
4.6707859527251e+24,2.28118188982381e+25,4.41394788595669e+24,2.51950038320208e+25,2.42142798940467e+25,1.84447021575872e+25,2.36091827352294e+25,2.13883790187965e+24,2.09925021370355e+25
1.47531396721807e+25,2.47178726070002e+25,2.2544426652286e+25,4.49742855353861e+24,8.60409120725057e+24,1.88456922779646e+25,9.66198719394432e+24,1.87848614671205e+25,2.86181380466173e+23
1.67415595179718e+25,1.56661003904053e+24,1.17772050795827e+25,1.42221695878645e+25,1.62152784754761e+25,4.64334043929507e+24,1.96768046164472e+25,2.2320396680342e+24,1.84693321033013e+25
3.4134474104239e+24,4.10181510548053e+24,7.39803603199313e+24,6.3446959138505e+24,2.13498610990216e+25,1.29658917298295e+25,3.04326782344356e+24,1.84472263691815e+24,4.15130563635753e+24
6.90486578086521e+24,2.49918956038315e+25,1.99121979961121e+25,7.08516679186905e+24,2.00071421147693e+25,1.67740481638968e+25,2.28009848555349e+25,2.32900328426092e+25,1.3013398236335e+25
1.75784286063961e+25,1.24843779910246e+25,1.98177488919824e+24,2.28620567372985e+25,4.10961403609341e+23,3.45618374285299e+24,3.26914868650731e+24,1.94992510001602e+25,1.56092949663426e+25
2.24105809582239e+25,1.98948444930211e+25,4.3206124729008e+24,6.11822151232332e+23,1.55620623834017e+25,1.40326469543158e+25,3.84088562056819e+24,4.90184911697189e+24,2.10231912036108e+25
7.13887310511982e+24,2.09048468202662e+25,7.86012463108072e+23,1.7388211737251e+24,8.68588495519118e+24,2.11552521559074e+25,1.93323164286472e+25,8.99752246810632e+24,4.27617335156722e+24
2.26429286944393e+25,2.21981173989808e+25,2.07844538767388e+25,2.36621948791191e+25,1.10451542799403e+25,1.0734739094881e+25,2.63639066117836e+24,1.37672385686288e+25,2.30211111122057e+25
1.43700399092026e+25,2.6125832179628e+25,2.41593478389553e+25,9.04132187985819e+24,2.43120336598898e+25,1.36065876396265e+25,3.61901026904057e+24,6.86946950407634e+23,1.74085856355643e+25
8.64713394314135e+24,2.20243440414432e+25,4.75128313477559e+24,1.95589232169324e+25,3.30755758403753e+24,6.60971575849546e+24,7.0107291083528e+24,1.78879719938582e+25,2.57247410597169e+25
7.10582390369886e+23,5.79340352104557e+24,2.96036877990421e+24,2.44724931749961e+24,8.00936443604009e+24,7.43630422782902e+24,1.38755246316334e+25,1.24378947378806e+25,4.99356424753299e+24
2.37628221002717e+25,5.75934436585105e+24,2.61702885403314e+25,2.08248282845742e+25,2.51494394838261e+25,1.86334472893418e+25,1.49307880400386e+25,2.29306374965094e+25,1.27555021067537e+25
1.90415573492339e+25,2.48218936649437e+25,2.00749242324184e+25,2.06238678048184e+25,2.46775812335854e+25,1.12308393536685e+25,1.68873352585829e+25,4.39089790521902e+24,2.10647797469976e+25
1.17432308423901e+25,1.47947970861999e+25,2.15527484587422e+25,3.14798462145157e+24,2.58599910677797e+25,8.47487650817281e+24,5.59115147439267e+24,2.17090640418655e+25,1.04545362665707e+24
2.31920588731156e+25,1.19505005194366e+25,2.1829544411726e+25,1.25789836346645e+24,1.60608925297734e+25,4.23889637328579e+24,1.72723996459601e+25,1.51399334626348e+25,2.40642547294445e+25
2.16355023256617e+25,1.54421822663021e+25,1.85230376116599e+25,6.76099684178794e+24,1.62363103791575e+25,2.23183728942762e+25,1.08376087397047e+25,2.86577027562908e+24,2.37856427211085e+25
4.88169128008994e+24,2.48607824660669e+25,1.81321034749798e+25,1.15364590283142e+25,1.23038728532515e+25,5.96727910817397e+24,1.64695663622841e+25,1.28507660384103e+24,1.41580694964986e+25
4.45495910938516e+24,9.80256473527843e+23,1.10083384857861e+25,1.52187918326127e+25,6.27781323639525e+24,6.86653493548712e+24,2.32679680748587e+25,1.27349283867931e+25,4.60985001043294e+24
1.39080742071974e+24,3.90106667746806e+24,2.06640171030128e+25,1.37808071683556e+25,2.13204029003658e+25,7.45521283783555e+24,1.91913240799597e+25,2.29078125021668e+25,4.63379109785238e+24
9.04715652065381e+23,5.11354260283404e+24,1.11672577932131e+25,1.77755223447009e+25,7.24045530117412e+24,1.04450751964535e+25,1.06635262149717e+25,2.47850299595328e+25,9.21385056425357e+24
1.00084317359883e+25,1.54095125154879e+25,1.55864273332714e+25,7.35410359641989e+24,1.21121967023387e+25,7.71276844317151e+24,2.1616204390389e+25,2.1239928486597e+25,3.21548860993982e+24
1.18549961856265e+25,2.57838002859797e+25,1.88577298807721e+24,1.47788323199711e+25,1.10941637506235e+25,1.80426889171628e+25,2.48892206429608e+25,6.68423372437668e+24,6.42581382981434e+23
2.1036956554578e+24,1.21474856352015e+25,8.82825494648765e+24,1.3395932621646e+25,6.12031107746856e+24,1.13834235533059e+25,2.20451928982036e+25,1.5657861736289e+25,5.57147892751574e+24
2.1765098351563e+25,1.82071908819596e+25,1.67207700610075e+24,2.55268633618978e+25,1.53150742311335e+25,2.51019786029736e+25,6.18156257917394e+24,1.84060094164907e+25,1.58544008650394e+25
1.46813965714003e+25,1.70884855287414e+25,7.14952218106811e+24,1.491329435887e+25,6.48021714138349e+24,2.23546426564114e+25,5.54401214392283e+24,1.42816448157162e+25,3.6780845868702e+24
1.36278996819106e+25,8.7346897012095e+24,2.08027561791949e+25,3.58560717670254e+24,1.2999143622537e+25,1.71271931916421e+25,1.21726404923781e+25,1.54606597309683e+25,2.344271383168e+25
2.42787859429069e+25,5.49316333221208e+24,5.09945023859717e+24,1.19945152299685e+24,2.31205474538973e+25,6.31433029282565e+24,8.01879876196921e+24,2.48204412125139e+24,2.60451409660436e+24
1.82430321896962e+25,2.04382311350742e+25,1.89241644035482e+25,7.63645458225444e+24,2.00916925995544e+25,3.00855189183925e+24,1.59854994115529e+25,2.37421891507816e+25,4.0470075100048e+24
2.25811576526045e+25,6.17157767548318e+24,6.45538149521619e+24,1.18815633111253e+25,1.96424118994986e+25,2.38143758365776e+25,2.39896747589392e+25,1.12373536680835e+25,2.38692689222423e+25
1.33135002105201e+24,1.80178108133094e+24,2.62597921166269e+25,1.90778916241599e+25,6.65941842301975e+24,8.27219674824201e+24,2.72836391078764e+24,2.11090482437636e+25,1.79448624166763e+25
2.43531993660995e+25,9.61054747626304e+24,1.81724997665926e+25,1.54843558323999e+25,9.74385692134805e+24,7.30457092945811e+24,2.54439195325581e+25,2.49757288911835e+25,2.01465246092207e+25
1.53919698766644e+25,1.44277304568723e+25,1.59038473608911e+25,1.43177915789681e+25,1.92121255659309e+24,3.29643551390051e+24,1.55488091389077e+25,1.22333150768729e+25,1.51416588969392e+24
2.49043790649851e+25,8.74103031917342e+23,4.576785337322e+23,2.59034096369207e+25,5.07364587689781e+23,1.57317920197724e+25,1.48486233725482e+25,1.58824041396136e+24,1.65336531698129e+25
2.18759744031186e+25,1.75530213529266e+25,3.1398180782754e+24,9.49421519287725e+24,1.3469326667617e+25,2.60126547957766e+25,4.87129445169959e+24,1.59671568750852e+25,2.58229263146289e+24
6.83863899983796e+24,5.52581065987085e+24,8.91943720121426e+24,1.73729284015455e+25,1.48163576339647e+24,2.36952293708181e+24,4.19473390360137e+24,1.79771529732937e+25,1.68857807329481e+25
2.26543810863197e+25,2.60924352724322e+25,1.07210144012096e+24,7.65032137664559e+24,1.46236358488293e+25,2.34631100038393e+25,1.44264757278906e+25,1.38070871075227e+25,1.45126408640343e+25
2.08815089573067e+25,1.61366464904939e+25,5.42555151789658e+24,3.96838795594546e+24,2.28509415498028e+25,3.22702849045576e+24,1.23663464905965e+25,2.14105692760574e+25,2.40917495090675e+25
9.72005638869823e+24,8.31421837328387e+24,1.55158521563605e+25,1.05107695878094e+25,7.68063731733213e+24,1.08284243891006e+24,2.64054000329859e+25,1.61691801256561e+25,7.96592968053432e+24
6.97154209840668e+24,1.32085474142996e+25,5.46353283792597e+24,2.10984838243137e+25,6.51034262137601e+24,7.72599109667692e+24,3.08415270352275e+24,2.02090164826049e+25,4.95754286930422e+24
1.0178202585907e+25,2.24313370427584e+25,1.39835889676539e+25,1.68297273516555e+25,1.4819389410378e+25,1.59365474613892e+25,1.77384186884078e+25,2.07175568804764e+25,1.78673269384093e+25
1.78547882388782e+25,5.64711833254349e+24,2.4794074387649e+25,6.29602544483484e+24,2.61281619722606e+25,1.3263881440116e+25,1.69465505045707e+25,1.40478215829705e+25,2.16564868749205e+25
1.71651588132801e+25,1.63968154653627e+25,3.61282412441345e+23,9.8004669148591e+24,1.06431692655631e+25,2.00424116791402e+25,6.36980325440591e+24,1.45947978032099e+25,1.77113242859381e+25
2.61929733967374e+25,9.39912597958927e+24,5.97418204207293e+24,6.08767723833336e+24,1.78053871596047e+25,2.63221810346408e+25,2.3314541184353e+25,1.89952871671822e+25,5.07655317249724e+24
2.23781953126989e+25,7.85542116706622e+24,2.05702831812998e+25,2.45045899047145e+25,1.86755492449353e+25,1.57766759050359e+25,2.28891239520295e+24,5.27304008442569e+24,2.30514018149397e+25
5.69253528576013e+24,1.58005443648148e+25,2.38776632863096e+25,1.4599778432336e+24,6.71012966758003e+24,2.22231170588418e+25,2.12277732310228e+25,2.45970671563222e+25,1.09298889627871e+25
8.6161704124469e+24,2.63047279622678e+25,1.58893228049768e+25,1.61034166751513e+25,1.37758828542879e+24,1.25038869354215e+25,3.66098827653028e+24,2.38478334903281e+25,1.90769117010575e+24
1.90225393130692e+25,7.75661697942114e+24,7.79535542732476e+24,1.94175297501903e+25,5.71259716443701e+24,2.69409069709579e+24,2.82797642020858e+24,1.73412954333123e+25,1.9358584769418e+25
8.90079463407207e+24,2.13800922990568e+25,1.30664167851062e+24,1.65738030366534e+25,2.26146015370923e+25,2.43892088522044e+25,1.60930277043476e+24,9.7042214849536e+24,1.37446636795205e+25
2.6038949441767e+25,2.06028599990287e+24,9.06127366924097e+24,2.59920068300349e+25,7.95434165759266e+24,1.87120685467488e+25,6.0285221432842e+24,1.30580160570789e+25,9.91601146324258e+24
6.5315034807603e+24,4.72430333625842e+24,3.98168101822745e+24,1.92614429684272e+25,3.59922224453757e+24,2.03128314880454e+25,1.81638735027095e+25,4.24154194947152e+23,1.60026241843079e+25
9.10549155893256e+24,7.21547063297769e+24,9.33928869926948e+24,1.62638138157513e+25,1.94514294418832e+25,2.55653163552869e+25,2.41231908879573e+25,1.64541423566556e+25,7.27903553542338e+24
7.51951491500616e+24,5.76426395316065e+24,1.17660046713476e+24,1.86520898439284e+25,3.1101152822575e+24,1.27035653772119e+25,7.91702336633024e+24,1.1593727685138e+25,8.78264155928285e+24
2.62135330031137e+25,6.63929614975286e+24,1.03230698519424e+25,2.33430034238324e+25,8.14643534217392e+24,2.09229131136713e+25,2.29576887833942e+25,2.60585199184544e+25,7.32321743853522e+24
1.80770909364512e+25,1.80378904225614e+25,2.52442251356755e+25,2.50158675193146e+25,1.50684106937853e+25,1.93857730236073e+25,1.69811984943266e+25,4.94035371884676e+24,1.58236949211035e+25
1.98546515418629e+25,2.57894714297213e+25,8.53837800543133e+24,1.27966172091194e+25,3.86913302262869e+24,8.30642092255641e+23,8.20632896543979e+24,2.24750031965334e+25,2.52815158769845e+25
1.34981680694898e+25,8.81277773591881e+24,1.85582176990968e+25,2.45213013273456e+25,3.35152168184059e+24,2.15196282656626e+25,2.56169138125639e+25,4.51879007532656e+24,2.43395127987674e+25
8.36742064665001e+24,1.70129598991624e+25,1.3181159762511e+25,2.22531572978492e+25,2.54901318815478e+25,2.24540254409054e+25,7.81083382549323e+24,6.80976541118615e+24,1.00686933473602e+24
1.31064002597885e+25,1.00613711746061e+25,4.9955102303154e+23,2.1801427932156e+24,9.59737000034702e+24,2.55134867948362e+25,2.19710486314588e+25,2.15427974993011e+25,2.58182049958504e+25
2.79325111225357e+24,1.09926504499348e+25,9.7859799495124e+24,1.76591537654231e+25,2.15824299057774e+25,4.12689938702552e+24,3.78181516016099e+24,2.1262809060817e+25,2.19046561003008e+25
4.77494719968077e+24,4.80267727727604e+24,1.72291059367933e+25,1.02981768732967e+25,2.35337162653074e+25,1.02329475781864e+25,5.39005662829444e+24,1.20933107787831e+25,1.16491950964558e+25
1.40948458757229e+25,3.7077455972199e+24,8.50017883656916e+24,9.16774116972019e+24,1.04940901685604e+25,1.56525578505846e+25,2.84451846708336e+24,2.03950616142311e+25,1.61868584317692e+25
1.51084190520341e+25,1.04169381440508e+25,5.3407365378812e+24,6.79067004733862e+24,2.03768630121668e+25,2.62542262064542e+25,1.97258920923698e+25,6.23881264248398e+24,1.43375964737676e+25
3.49653693285063e+24,1.28559336956897e+25,1.98052511586684e+25,2.30035076416934e+25,6.57192705324093e+24,1.19023065669321e+25,2.14616057476346e+25,1.83782530778518e+25,1.13367742808829e+24
1.92793482853159e+25,1.74490151157575e+25,1.49714153299522e+25,8.96410230832468e+24,2.29615932663543e+25,2.17430223021399e+25,7.10662743916633e+24,1.66142699534498e+25,8.33779739767265e+24
1.07368562553e+25,1.31482436995833e+25,2.31516429988711e+25,2.05871596145257e+25,1.76415944354699e+25,2.53803639028736e+25,1.19747759305877e+25,8.58756085340226e+24,2.31066471853229e+25
2.54650080162103e+24,1.35217232081745e+25,1.39427345057169e+25,1.60362670304056e+25,6.59495976956906e+23,4.43828929305411e+24,2.58807049945679e+25,1.00545545936719e+25,2.6359612140094e+25
2.51716482660979e+25,3.35339527649706e+24,1.46981500482368e+25,2.33808072913184e+25,2.9239548032542e+24,9.26432856981093e+24,2.40935078887334e+24,2.3200589860385e+25,3.08575387534619e+23
7.06869605201309e+24,9.11490188610855e+24,2.03321067553227e+25,1.07769197957008e+25,1.35465819377015e+25,1.94659306301436e+24,1.33352625066888e+25,3.03897930425051e+24,1.75988642185283e+24
2.36297377526682e+25,1.99301941835297e+24,3.48127024750407e+24,2.46228287782432e+25,2.34301407895582e+25,1.37079107443307e+25,1.29043414943376e+25,8.75425755072636e+24,1.54293185381612e+24
1.09161396692079e+25,2.20795135618076e+25,2.21124504648573e+25,8.40207667208256e+24,2.05079980173561e+25,8.09479480254779e+24,2.52193184023706e+25,1.87501580227929e+25,5.8900219409104e+24
2.24903744442918e+25,2.71595004349884e+24,1.20436389464792e+25,1.95936830897547e+25,1.44712663779929e+25,9.31074636697787e+24,1.02026201320393e+25,1.77778202496884e+25,2.33723795757164e+25
1.51646668358581e+25,2.26855572319347e+24,1.09476241169464e+25,1.26846560192218e+25,9.93830293392528e+24,2.4452876181144e+25,9.21192603314423e+23,1.02461033177252e+25,2.59407711314985e+25
1.66732303711284e+25,6.41393104497338e+24,1.91534764195884e+25,8.42026130848675e+24,1.67278814060506e+25,2.42869119157022e+24,5.62198563494033e+24,2.65825269140428e+24,1.22675040245268e+25
2.21093969538829e+24,1.63661355142015e+25,2.27082867653054e+25,1.71196875350555e+25,1.9224135758649e+25,2.42638719567044e+25,1.79222009893779e+25,1.850911516271e+25,1.82911920043268e+25
1.70588695750924e+24,2.0846488721583e+25,1.20614048885184e+25,1.42084907410334e+25,1.8387622866775e+25,2.42350617461173e+25,7.61647324956102e+24,1.89753528151147e+25,2.55908698177011e+25
1.63130842649436e+25,1.3917665236675e+25,8.22718851366296e+24,5.91233984263687e+24,2.49462494814919e+25,4.17314153624588e+24,1.23084487596167e+25,1.13260443547664e+25,3.80037153378814e+24
9.27535819589814e+24,9.84285689948323e+24,7.02420459361647e+24,5.18616625602458e+24,9.22257319047923e+24,1.66341269499441e+25,1.26119460929102e+25,2.19461603846588e+25,2.35584924861816e+25
7.46870823324867e+24,1.05445049218588e+25,1.14992466853562e+25,9.54174773894842e+24,2.39135868984268e+25,5.36228636708065e+24,2.04638875476539e+25,1.39706643954408e+25,2.35676275393973e+25
9.99342551532273e+24,2.41773067142911e+25,9.88242442788065e+24,3.74641323687221e+24,2.63877041953662e+25,4.36775253049125e+24,1.25186896914906e+25,5.29647902336765e+24,1.11229013788006e+25
4.33307155615884e+24,2.17948140571581e+25,3.91525722553336e+24,5.01219677331736e+24,3.93639312489448e+24,1.81055852645688e+25,1.3891179463923e+25,7.90007290687543e+24,2.0277959767026e+25
9.42822012815936e+24,1.7470591851961e+25,1.8893766070659e+25,1.03803916586936e+25,5.03849978010093e+24,7.36526641968081e+24,1.70198511400532e+25,1.85883135385826e+25,8.94468159968151e+24
9.40299124814256e+24,1.1132655292303e+25,2.01658940788779e+25,1.6796434216266e+25,1.97741041888007e+25,1.97025228730614e+25,1.17025400528056e+25,1.45321783505926e+25,2.17286035137645e+24
2.44056775279104e+25,1.99303622968239e+25,1.75193508080309e+25,1.34303635027939e+25,1.21873339944164e+25,1.88094475973492e+25,2.53317567808871e+25,1.46586960714817e+25,2.22679713289109e+25
1.12980602507857e+25,1.76142826479256e+25,2.56778472226998e+25,1.94758571548376e+25,9.5161441244777e+24,2.11345692679094e+25,2.06915028354487e+25,1.43849822123523e+25,6.21735965365341e+24
9.56857154763488e+23,1.52388573326732e+25,2.51209605653764e+25,8.44887398849578e+24,1.19234548326037e+25,2.47562353311919e+25,9.84654087307033e+24,1.96336668869919e+25,1.07052287095061e+25
2.11815151515777e+25,1.14246903551177e+25,1.95389123989217e+25,2.35482370110396e+24,1.50827192440082e+25,1.34399445245607e+24,8.4729253877218e+23,1.24325812872175e+25,1.53603524822482e+25
6.00857064603815e+24,4.82152055002284e+24,5.14631917765584e+24,9.15656590438868e+24,1.01573533047496e+25,1.89313411769078e+25,1.01120239110527e+25,2.5302872904337e+25,1.08738634355795e+25
4.6968180962209e+24,1.22154814342172e+25,6.92741542468267e+24,4.06859998723989e+24,2.21509062218337e+25,1.99605796984809e+25,1.05565841342228e+25,1.26378362710714e+25,1.29235082145973e+25
1.16068887012823e+25,1.91093338366855e+25,1.91171857556077e+25,1.98412497566511e+25,1.7995446245537e+25,8.00051599469388e+23,1.2822409851046e+25,1.48959249657016e+25,7.51173900198079e+24
1.01047528870777e+25,2.51636493597344e+24,1.4294224803219e+24,6.75375250870241e+24,1.45832562437566e+25,6.42212672632328e+24,1.22143895827997e+24,2.25408403018779e+25,2.37089327290254e+25
2.50761093084887e+25,9.66539651059256e+24,2.54042836542132e+25,2.21475742068307e+25,1.11759226395046e+24,1.239310283478e+25,2.40271721518294e+25,8.87195886223222e+24,2.6438786337888e+25
6.58986776727357e+24,1.25888705310564e+25,5.5945772591123e+23,1.14639043296772e+25,1.3068415704545e+25,2.2733789764748e+25,2.5355972417822e+25,2.04372642048546e+24,1.52753035813642e+25
7.42325311437434e+23,1.52105395589787e+25,1.08447083065552e+25,4.25638632595836e+24,1.31343176241788e+25,1.76760225566021e+25,5.24074222397596e+24,2.32286123050119e+24,1.57451659361189e+25
1.65096270840908e+25,5.18470613302959e+21,5.18470613302959e+21,5.18470613302959e+21,5.18470613302959e+21,5.18470613302959e+21,5.18470613302959e+21,5.18470613302959e+21,5.18470613302959e+21
5.18470613302959e+21,5.18470613302959e+21,5.18470613302959e+21,5.18470613302959e+21,5.18470613302959e+21,5.18470613302959e+21,5.18470613302959e+21,5.18470613302959e+21,5.18470613302959e+21
5.18470613302959e+21,5.18470613302959e+21,5.18470613302959e+21,5.18470613302959e+21,5.18470613302959e+21,5.18470613302959e+21,5.18470613302959e+21,5.18470613302959e+21,5.18470613302959e+21
5.18470613302959e+21,5.18470613302959e+21,5.18470613302959e+21,5.18470613302959e+21,5.18470613302959e+21,5.18470613302959e+21,5.18470613302959e+21,5.18470613302959e+21,5.18470613302959e+21
5.18470613302959e+21,5.18470613302959e+21,5.18470613302959e+21,5.18470613302959e+21,5.18470613302959e+21,5.18470613302959e+21,5.18470613302959e+21,5.18470613302959e+21,5.18470613302959e+21
5.18470613302959e+21,5.18470613302959e+21,5.18470613302959e+21,5.18470613302959e+21,5.18470613302959e+21,5.18470613302959e+21,5.18470613302959e+21,5.18470613302959e+21,5.18470613302959e+21
5.18470613302959e+21,5.18470613302959e+21,5.18470613302959e+21,5.18470613302959e+21,5.18470613302959e+21,5.18470613302959e+21,5.18470613302959e+21,5.18470613302959e+21,5.18470613302959e+21
5.18470613302959e+21,5.18470613302959e+21,5.18470613302959e+21,5.18470613302959e+21,5.18470613302959e+21,5.18470613302959e+21,5.18470613302959e+21,5.18470613302959e+21,5.18470613302959e+21
5.18470613302959e+21,5.18470613302959e+21,5.18470613302959e+21,5.18470613302959e+21,5.18470613302959e+21,5.18470613302959e+21,5.18470613302959e+21,5.18470613302959e+21,5.18470613302959e+21
5.18470613302959e+21,5.18470613302959e+21,5.18470613302959e+21,5.18470613302959e+21,5.18470613302959e+21,5.18470613302959e+21,5.18470613302959e+21,5.18470613302959e+21,5.18470613302959e+21
5.18470613302959e+21,5.18470613302959e+21,5.18470613302959e+21,5.18470613302959e+21,5.18470613302959e+21,5.18470613302959e+21,5.18470613302959e+21,5.18470613302959e+21,5.18470613302959e+21
5.18470613302959e+21,5.18470613302959e+21,5.18470613302959e+21,5.18470613302959e+21,5.18470613302959e+21,5.18470613302959e+21,5.18470613302959e+21,5.18470613302959e+21,5.18470613302959e+21
5.18470613302959e+21,5.18470613302959e+21,5.18470613302959e+21,5.18470613302959e+21,5.18470613302959e+21,5.18470613302959e+21,5.18470613302959e+21,5.18470613302959e+21,5.18470613302959e+21
5.18470613302959e+21,5.18470613302959e+21,5.18470613302959e+21,5.18470613302959e+21,5.18470613302959e+21,5.18470613302959e+21,5.18470613302959e+21,5.18470613302959e+21,5.18470613302959e+21
5.18470613302959e+21,5.18470613302959e+21,5.18470613302959e+21,5.18470613302959e+21,5.18470613302959e+21,5.18470613302959e+21,5.18470613302959e+21,5.18470613302959e+21,5.18470613302959e+21
5.18470613302959e+21,5.18470613302959e+21,5.18470613302959e+21,5.18470613302959e+21,5.18470613302959e+21,5.18470613302959e+21,5.18470613302959e+21,5.18470613302959e+21,5.18470613302959e+21
5.18470613302959e+21,5.18470613302959e+21,5.18470613302959e+21,5.18470613302959e+21,5.18470613302959e+21,5.18470613302959e+21,5.18470613302959e+21,5.18470613302959e+21,5.18470613302959e+21
5.18470613302959e+21,5.18470613302959e+21,5.18470613302959e+21,5.18470613302959e+21,5.18470613302959e+21,5.18470613302959e+21,5.18470613302959e+21,5.18470613302959e+21,5.18470613302959e+21
5.18470613302959e+21,5.18470613302959e+21,5.18470613302959e+21,5.18470613302959e+21,5.18470613302959e+21,5.18470613302959e+21,5.18470613302959e+21,5.18470613302959e+21,5.18470613302959e+21
5.18470613302959e+21,5.18470613302959e+21,5.18470613302959e+21,5.18470613302959e+21,5.18470613302959e+21,5.18470613302959e+21,5.18470613302959e+21,5.18470613302959e+21,5.18470613302959e+21
5.18470613302959e+21,5.18470613302959e+21,5.18470613302959e+21,5.18470613302959e+21,5.18470613302959e+21,5.18470613302959e+21,5.18470613302959e+21,5.18470613302959e+21,5.18470613302959e+21
5.18470613302959e+21,5.18470613302959e+21,5.18470613302959e+21,5.18470613302959e+21,5.18470613302959e+21,5.18470613302959e+21,5.18470613302959e+21,5.18470613302959e+21,5.18470613302959e+21
5.18470613302959e+21,5.18470613302959e+21,5.18470613302959e+21,5.18470613302959e+21,5.18470613302959e+21,5.18470613302959e+21,5.18470613302959e+21,5.18470613302959e+21,5.18470613302959e+21
5.18470613302959e+21,5.18470613302959e+21,5.18470613302959e+21,5.18470613302959e+21,5.18470613302959e+21,5.18470613302959e+21,5.18470613302959e+21,5.18470613302959e+21,5.18470613302959e+21
5.18470613302959e+21,5.18470613302959e+21,5.18470613302959e+21,5.18470613302959e+21,5.18470613302959e+21,5.18470613302959e+21,5.18470613302959e+21,5.18470613302959e+21,5.18470613302959e+21
5.18470613302959e+21,5.18470613302959e+21,5.18470613302959e+21,5.18470613302959e+21,5.18470613302959e+21,5.18470613302959e+21,5.18470613302959e+21,5.18470613302959e+21,5.18470613302959e+21
5.18470613302959e+21,5.18470613302959e+21,5.18470613302959e+21,5.18470613302959e+21,5.18470613302959e+21,5.18470613302959e+21,5.18470613302959e+21,5.18470613302959e+21,5.18470613302959e+21
5.18470613302959e+21,5.18470613302959e+21,5.18470613302959e+21,5.18470613302959e+21,5.18470613302959e+21,5.18470613302959e+21,5.18470613302959e+21,5.18470613302959e+21,5.18470613302959e+21
5.18470613302959e+21,5.18470613302959e+21,5.18470613302959e+21,5.18470613302959e+21,5.18470613302959e+21,5.18470613302959e+21,5.18470613302959e+21,5.18470613302959e+21,5.18470613302959e+21
5.18470613302959e+21,5.18470613302959e+21,5.18470613302959e+21,5.18470613302959e+21,5.18470613302959e+21,5.18470613302959e+21,5.18470613302959e+21,5.18470613302959e+21,5.18470613302959e+21
5.18470613302959e+21,5.18470613302959e+21,5.18470613302959e+21,5.18470613302959e+21,5.18470613302959e+21,5.18470613302959e+21,5.18470613302959e+21,5.18470613302959e+21,5.18470613302959e+21
5.18470613302959e+21,5.18470613302959e+21,5.18470613302959e+21,5.18470613302959e+21,5.18470613302959e+21,5.18470613302959e+21,5.18470613302959e+21,5.18470613302959e+21,5.18470613302959e+21
5.18470613302959e+21,5.18470613302959e+21,5.18470613302959e+21,5.18470613302959e+21,5.18470613302959e+21,5.18470613302959e+21,5.18470613302959e+21,5.18470613302959e+21,5.18470613302959e+21
5.18470613302959e+21,5.18470613302959e+21,5.18470613302959e+21,5.18470613302959e+21,5.18470613302959e+21,5.18470613302959e+21,5.18470613302959e+21,5.18470613302959e+21,5.18470613302959e+21
5.18470613302959e+21,5.18470613302959e+21,5.18470613302959e+21,5.18470613302959e+21,5.18470613302959e+21,5.18470613302959e+21,5.18470613302959e+21,5.18470613302959e+21,5.18470613302959e+21
5.18470613302959e+21,5.18470613302959e+21,5.18470613302959e+21,5.18470613302959e+21,5.18470613302959e+21,5.18470613302959e+21,5.18470613302959e+21,5.18470613302959e+21,5.18470613302959e+21
5.18470613302959e+21,5.18470613302959e+21,5.18470613302959e+21,5.18470613302959e+21,5.18470613302959e+21,5.18470613302959e+21,5.18470613302959e+21,5.18470613302959e+21,5.18470613302959e+21
5.18470613302959e+21,5.18470613302959e+21,5.18470613302959e+21,5.18470613302959e+21,5.18470613302959e+21,5.18470613302959e+21,5.18470613302959e+21,5.18470613302959e+21,5.18470613302959e+21
5.18470613302959e+21,5.18470613302959e+21,5.18470613302959e+21,5.18470613302959e+21,5.18470613302959e+21,5.18470613302959e+21,5.18470613302959e+21,5.18470613302959e+21,5.18470613302959e+21
5.18470613302959e+21,5.18470613302959e+21,5.18470613302959e+21,5.18470613302959e+21,5.18470613302959e+21,5.18470613302959e+21,5.18470613302959e+21,5.18470613302959e+21,5.18470613302959e+21
5.18470613302959e+21,5.18470613302959e+21,5.18470613302959e+21,5.18470613302959e+21,5.18470613302959e+21,5.18470613302959e+21,5.18470613302959e+21,5.18470613302959e+21,5.18470613302959e+21
5.18470613302959e+21,5.18470613302959e+21,5.18470613302959e+21,5.18470613302959e+21,5.18470613302959e+21,5.18470613302959e+21,5.18470613302959e+21,5.18470613302959e+21,5.18470613302959e+21
5.18470613302959e+21,5.18470613302959e+21,5.18470613302959e+21,5.18470613302959e+21,5.18470613302959e+21,5.18470613302959e+21,5.18470613302959e+21,5.18470613302959e+21,5.18470613302959e+21
5.18470613302959e+21,5.18470613302959e+21,5.18470613302959e+21,5.18470613302959e+21,5.18470613302959e+21,5.18470613302959e+21,5.18470613302959e+21,5.18470613302959e+21,5.18470613302959e+21
5.18470613302959e+21,5.18470613302959e+21,5.18470613302959e+21,5.18470613302959e+21,5.18470613302959e+21,5.18470613302959e+21,5.18470613302959e+21,5.18470613302959e+21,5.18470613302959e+21
5.18470613302959e+21,5.18470613302959e+21,5.18470613302959e+21,5.18470613302959e+21,5.18470613302959e+21,5.18470613302959e+21,5.18470613302959e+21,5.18470613302959e+21,5.18470613302959e+21
5.18470613302959e+21,5.18470613302959e+21,5.18470613302959e+21,5.18470613302959e+21,5.18470613302959e+21,5.18470613302959e+21,5.18470613302959e+21,5.18470613302959e+21,5.18470613302959e+21
5.18470613302959e+21,5.18470613302959e+21,5.18470613302959e+21,5.18470613302959e+21,5.18470613302959e+21,5.18470613302959e+21,5.18470613302959e+21,5.18470613302959e+21,5.18470613302959e+21
5.18470613302959e+21,5.18470613302959e+21,5.18470613302959e+21,5.18470613302959e+21,5.18470613302959e+21,5.18470613302959e+21,5.18470613302959e+21,5.18470613302959e+21,5.18470613302959e+21
5.18470613302959e+21,5.18470613302959e+21,5.18470613302959e+21,5.18470613302959e+21,5.18470613302959e+21,5.18470613302959e+21,5.18470613302959e+21,5.18470613302959e+21,5.18470613302959e+21
5.18470613302959e+21,5.18470613302959e+21,5.18470613302959e+21,5.18470613302959e+21,5.18470613302959e+21,5.18470613302959e+21,5.18470613302959e+21,5.18470613302959e+21,5.18470613302959e+21
5.18470613302959e+21,5.18470613302959e+21,5.18470613302959e+21,5.18470613302959e+21,5.18470613302959e+21,5.18470613302959e+21,5.18470613302959e+21,5.18470613302959e+21,5.18470613302959e+21
5.18470613302959e+21,5.18470613302959e+21,5.18470613302959e+21,5.18470613302959e+21,5.18470613302959e+21,5.18470613302959e+21,5.18470613302959e+21,5.18470613302959e+21,5.18470613302959e+21
5.18470613302959e+21,5.18470613302959e+21,5.18470613302959e+21,5.18470613302959e+21,5.18470613302959e+21,5.18470613302959e+21,5.18470613302959e+21,5.18470613302959e+21,5.18470613302959e+21
5.18470613302959e+21,5.18470613302959e+21,5.18470613302959e+21,5.18470613302959e+21,5.18470613302959e+21,5.18470613302959e+21,5.18470613302959e+21,5.18470613302959e+21,5.18470613302959e+21
5.18470613302959e+21,5.18470613302959e+21,5.18470613302959e+21,5.18470613302959e+21,5.18470613302959e+21,5.18470613302959e+21,5.18470613302959e+21,5.18470613302959e+21,5.18470613302959e+21
5.18470613302959e+21,5.18470613302959e+21,5.18470613302959e+21,5.18470613302959e+21,5.18470613302959e+21,5.18470613302959e+21,5.18470613302959e+21,5.18470613302959e+21,5.18470613302959e+21
5.18470613302959e+21,5.18470613302959e+21,5.18470613302959e+21,5.18470613302959e+21,5.18470613302959e+21,5.18470613302959e+21,5.18470613302959e+21,5.18470613302959e+21,5.18470613302959e+21
5.18470613302959e+21,5.18470613302959e+21,5.18470613302959e+21,5.18470613302959e+21,5.18470613302959e+21,5.18470613302959e+21,5.18470613302959e+21,5.18470613302959e+21,5.18470613302959e+21
5.18470613302959e+21,5.18470613302959e+21,5.18470613302959e+21,5.18470613302959e+21,5.18470613302959e+21,5.18470613302959e+21,5.18470613302959e+21,5.18470613302959e+21,5.18470613302959e+21
5.18470613302959e+21,5.18470613302959e+21,5.18470613302959e+21,5.18470613302959e+21,5.18470613302959e+21,5.18470613302959e+21,5.18470613302959e+21,5.18470613302959e+21,5.18470613302959e+21
5.18470613302959e+21,5.18470613302959e+21,5.18470613302959e+21,5.18470613302959e+21,5.18470613302959e+21,5.18470613302959e+21,5.18470613302959e+21,5.18470613302959e+21,5.18470613302959e+21
5.18470613302959e+21,5.18470613302959e+21,5.18470613302959e+21,5.18470613302959e+21,5.18470613302959e+21,5.18470613302959e+21,5.18470613302959e+21,5.18470613302959e+21,5.18470613302959e+21
5.18470613302959e+21,5.18470613302959e+21,5.18470613302959e+21,5.18470613302959e+21,5.18470613302959e+21,5.18470613302959e+21,5.18470613302959e+21,5.18470613302959e+21,5.18470613302959e+21
5.18470613302959e+21,5.18470613302959e+21,5.18470613302959e+21,5.18470613302959e+21,5.18470613302959e+21,5.18470613302959e+21,5.18470613302959e+21,5.18470613302959e+21,5.18470613302959e+21
5.18470613302959e+21,5.18470613302959e+21,5.18470613302959e+21,5.18470613302959e+21,5.18470613302959e+21,5.18470613302959e+21,5.18470613302959e+21,5.18470613302959e+21,5.18470613302959e+21
5.18470613302959e+21,5.18470613302959e+21,5.18470613302959e+21,5.18470613302959e+21,5.18470613302959e+21,5.18470613302959e+21,5.18470613302959e+21,5.18470613302959e+21,5.18470613302959e+21
5.18470613302959e+21,5.18470613302959e+21,5.18470613302959e+21,5.18470613302959e+21,5.18470613302959e+21,5.18470613302959e+21,5.18470613302959e+21,5.18470613302959e+21,5.18470613302959e+21
5.18470613302959e+21,5.18470613302959e+21,5.18470613302959e+21,5.18470613302959e+21,5.18470613302959e+21,5.18470613302959e+21,5.18470613302959e+21,5.18470613302959e+21,5.18470613302959e+21
5.18470613302959e+21,5.18470613302959e+21,5.18470613302959e+21,5.18470613302959e+21,5.18470613302959e+21,5.18470613302959e+21,5.18470613302959e+21,5.18470613302959e+21,5.18470613302959e+21
5.18470613302959e+21,5.18470613302959e+21,5.18470613302959e+21,5.18470613302959e+21,5.18470613302959e+21,5.18470613302959e+21,5.18470613302959e+21,5.18470613302959e+21,5.18470613302959e+21
5.18470613302959e+21,5.18470613302959e+21,5.18470613302959e+21,5.18470613302959e+21,5.18470613302959e+21,5.18470613302959e+21,5.18470613302959e+21,5.18470613302959e+21,5.18470613302959e+21
5.18470613302959e+21,5.18470613302959e+21,5.18470613302959e+21,5.18470613302959e+21,5.18470613302959e+21,5.18470613302959e+21,5.18470613302959e+21,5.18470613302959e+21,5.18470613302959e+21
5.18470613302959e+21,5.18470613302959e+21,5.18470613302959e+21,5.18470613302959e+21,5.18470613302959e+21,5.18470613302959e+21,5.18470613302959e+21,5.18470613302959e+21,5.18470613302959e+21
5.18470613302959e+21,5.18470613302959e+21,5.18470613302959e+21,5.18470613302959e+21,5.18470613302959e+21,5.18470613302959e+21,5.18470613302959e+21,5.18470613302959e+21,5.18470613302959e+21
5.18470613302959e+21,5.18470613302959e+21,5.18470613302959e+21,5.18470613302959e+21,5.18470613302959e+21,5.18470613302959e+21,5.18470613302959e+21,5.18470613302959e+21,5.18470613302959e+21
5.18470613302959e+21,5.18470613302959e+21,5.18470613302959e+21,5.18470613302959e+21,5.18470613302959e+21,5.18470613302959e+21,5.18470613302959e+21,5.18470613302959e+21,5.18470613302959e+21
5.18470613302959e+21,5.18470613302959e+21,5.18470613302959e+21,5.18470613302959e+21,5.18470613302959e+21,5.18470613302959e+21,5.18470613302959e+21,5.18470613302959e+21,5.18470613302959e+21
5.18470613302959e+21,5.18470613302959e+21,5.18470613302959e+21,5.18470613302959e+21,5.18470613302959e+21,5.18470613302959e+21,5.18470613302959e+21,5.18470613302959e+21,5.18470613302959e+21
5.18470613302959e+21,5.18470613302959e+21,5.18470613302959e+21,5.18470613302959e+21,5.18470613302959e+21,5.18470613302959e+21,5.18470613302959e+21,5.18470613302959e+21,5.18470613302959e+21
5.18470613302959e+21,5.18470613302959e+21,5.18470613302959e+21,5.18470613302959e+21,5.18470613302959e+21,5.18470613302959e+21,5.18470613302959e+21,5.18470613302959e+21,5.18470613302959e+21
5.18470613302959e+21,5.18470613302959e+21,5.18470613302959e+21,5.18470613302959e+21,5.18470613302959e+21,5.18470613302959e+21,5.18470613302959e+21,5.18470613302959e+21,5.18470613302959e+21
5.18470613302959e+21,5.18470613302959e+21,5.18470613302959e+21,5.18470613302959e+21,5.18470613302959e+21,5.18470613302959e+21,5.18470613302959e+21,5.18470613302959e+21,5.18470613302959e+21
5.18470613302959e+21,5.18470613302959e+21,5.18470613302959e+21,5.18470613302959e+21,5.18470613302959e+21,5.18470613302959e+21,5.18470613302959e+21,5.18470613302959e+21,5.18470613302959e+21
5.18470613302959e+21,5.18470613302959e+21,5.18470613302959e+21,5.18470613302959e+21,5.18470613302959e+21,5.18470613302959e+21,5.18470613302959e+21,5.18470613302959e+21,5.18470613302959e+21
5.18470613302959e+21,5.18470613302959e+21,5.18470613302959e+21,5.18470613302959e+21,5.18470613302959e+21,5.18470613302959e+21,5.18470613302959e+21,5.18470613302959e+21,5.18470613302959e+21
5.18470613302959e+21,5.18470613302959e+21,5.18470613302959e+21,5.18470613302959e+21,5.18470613302959e+21,5.18470613302959e+21,5.18470613302959e+21,5.18470613302959e+21,5.18470613302959e+21
5.18470613302959e+21,5.18470613302959e+21,5.18470613302959e+21,5.18470613302959e+21,5.18470613302959e+21,5.18470613302959e+21,5.18470613302959e+21,5.18470613302959e+21,5.18470613302959e+21
5.18470613302959e+21,5.18470613302959e+21,5.18470613302959e+21,5.18470613302959e+21,5.18470613302959e+21,5.18470613302959e+21,5.18470613302959e+21,5.18470613302959e+21,5.18470613302959e+21
5.18470613302959e+21,5.18470613302959e+21,5.18470613302959e+21,5.18470613302959e+21,5.18470613302959e+21,5.18470613302959e+21,5.18470613302959e+21,5.18470613302959e+21,5.18470613302959e+21
5.18470613302959e+21,5.18470613302959e+21,5.18470613302959e+21,5.18470613302959e+21,5.18470613302959e+21,5.18470613302959e+21,5.18470613302959e+21,5.18470613302959e+21,5.18470613302959e+21
5.18470613302959e+21,5.18470613302959e+21,5.18470613302959e+21,5.18470613302959e+21,5.18470613302959e+21,5.18470613302959e+21,5.18470613302959e+21,5.18470613302959e+21,5.18470613302959e+21
5.18470613302959e+21,5.18470613302959e+21,5.18470613302959e+21,5.18470613302959e+21,5.18470613302959e+21,5.18470613302959e+21,5.18470613302959e+21,5.18470613302959e+21,5.18470613302959e+21
5.18470613302959e+21,5.18470613302959e+21,5.18470613302959e+21,5.18470613302959e+21,5.18470613302959e+21,5.18470613302959e+21,5.18470613302959e+21,5.18470613302959e+21,5.18470613302959e+21
5.18470613302959e+21,5.18470613302959e+21,5.18470613302959e+21,5.18470613302959e+21,5.18470613302959e+21,5.18470613302959e+21,5.18470613302959e+21,5.18470613302959e+21,5.18470613302959e+21
5.18470613302959e+21,5.18470613302959e+21,5.18470613302959e+21,5.18470613302959e+21,5.18470613302959e+21,5.18470613302959e+21,5.18470613302959e+21,5.18470613302959e+21,5.18470613302959e+21
5.18470613302959e+21,5.18470613302959e+21,5.18470613302959e+21,5.18470613302959e+21,5.18470613302959e+21,5.18470613302959e+21,5.18470613302959e+21,5.18470613302959e+21,5.18470613302959e+21
5.18470613302959e+21,5.18470613302959e+21,5.18470613302959e+21,5.18470613302959e+21,5.18470613302959e+21,5.18470613302959e+21,5.18470613302959e+21,5.18470613302959e+21,5.18470613302959e+21
5.18470613302959e+21,5.18470613302959e+21,5.18470613302959e+21,5.18470613302959e+21,5.18470613302959e+21,5.18470613302959e+21,5.18470613302959e+21,5.18470613302959e+21,5.18470613302959e+21
5.18470613302959e+21,5.18470613302959e+21,5.18470613302959e+21,5.18470613302959e+21,5.18470613302959e+21,5.18470613302959e+21,5.18470613302959e+21,5.18470613302959e+21,5.18470613302959e+21
5.18470613302959e+21,5.18470613302959e+21,5.18470613302959e+21,5.18470613302959e+21,5.18470613302959e+21,5.18470613302959e+21,5.18470613302959e+21,5.18470613302959e+21,5.18470613302959e+21
5.18470613302959e+21,5.18470613302959e+21,5.18470613302959e+21,5.18470613302959e+21,5.18470613302959e+21,5.18470613302959e+21,5.18470613302959e+21,5.18470613302959e+21,5.18470613302959e+21
5.18470613302959e+21,5.18470613302959e+21,5.18470613302959e+21,5.18470613302959e+21,5.18470613302959e+21,5.18470613302959e+21,5.18470613302959e+21,5.18470613302959e+21,5.18470613302959e+21
5.18470613302959e+21,5.18470613302959e+21,5.18470613302959e+21,5.18470613302959e+21,5.18470613302959e+21,5.18470613302959e+21,5.18470613302959e+21,5.18470613302959e+21,5.18470613302959e+21
5.18470613302959e+21,5.18470613302959e+21,5.18470613302959e+21,5.18470613302959e+21,5.18470613302959e+21,5.18470613302959e+21,5.18470613302959e+21,5.18470613302959e+21,5.18470613302959e+21
5.18470613302959e+21,5.18470613302959e+21,5.18470613302959e+21,5.18470613302959e+21,5.18470613302959e+21,5.18470613302959e+21,5.18470613302959e+21,5.18470613302959e+21,5.18470613302959e+21
5.18470613302959e+21,5.18470613302959e+21,5.18470613302959e+21,5.18470613302959e+21,5.18470613302959e+21,5.18470613302959e+21,5.18470613302959e+21,5.18470613302959e+21,5.18470613302959e+21
5.18470613302959e+21,5.18470613302959e+21,5.18470613302959e+21,5.18470613302959e+21,5.18470613302959e+21,5.18470613302959e+21,5.18470613302959e+21,5.18470613302959e+21,5.18470613302959e+21
5.18470613302959e+21,5.18470613302959e+21,5.18470613302959e+21,5.18470613302959e+21,5.18470613302959e+21,5.18470613302959e+21,5.18470613302959e+21,5.18470613302959e+21,5.18470613302959e+21
5.18470613302959e+21,5.18470613302959e+21,5.18470613302959e+21,5.18470613302959e+21,5.18470613302959e+21,5.18470613302959e+21,5.18470613302959e+21,5.18470613302959e+21,5.18470613302959e+21
5.18470613302959e+21,5.18470613302959e+21,5.18470613302959e+21,5.18470613302959e+21,5.18470613302959e+21,5.18470613302959e+21,5.18470613302959e+21,5.18470613302959e+21,5.18470613302959e+21
5.18470613302959e+21,5.18470613302959e+21,0,0,0,0,0,0,0
0,0,0,0,0,0,0,0,0
0,0,0,0,0,0,0,0,0
0,0,0,0,0,0,0,0,0
0,0,0,0,0,0,0,0,0
0,0,0,0,0,0,0,0,0
0,0,0,0,0,0,0,0,0
0,0,0,0,0,0,0,0,0
0,0,0,0,0,0,0,0,0
0,0,0,0,0,0,0,0,0
0,0,0,0,0,0,0,0,0
0,0,0,0,0,0,0,0,0
0,0,0,0,0,0,0,0,0
0,0,0,0,0,0,0,0,0
0,0,0,0,0,0,0,0,0
0,0,0,0,0,0,0,0,0
0,0,0,0,0,0,0,0,0
0,0,0,0,0,0,0,0,0
0,0,0,0,0,0,0,0,0
0,0,0,0,0,0,0,0,0
0,0,0,0,0,0,0,0,0
0,0,0,0,0,0,0,0,0
0,0,0,0,0,0,0,0,0
0,0,0,0,0,0,0,0,0
0,0,0,0,0,0,0,0,0
0,0,0,0,0,0,0,0,0
0,0,0,0,0,0,0,0,0
0,0,0,0,0,0,0,0,0
0,0,0,0,0,0,0,0,0
0,0,0,0,0,0,0,0,0
0,0,0,0,0,0,0,0,0
0,0,0,0,0,0,0,0,0
0,0,0,0,0,0,0,0,0
0,0,0,0,0,0,0,0,0
0,0,0,0,0,0,0,0,0
0,0,0,0,0,0,0,0,0
0,0,0,0,0,0,0,0,0
0,0,0,0,0,0,0,0,0
0,0,0,0,0,0,0,0,0
0,0,0,0,0,0,0,0,0
0,0,0,0,0,0,0,0,0
0,0,0,0,0,0,0,0,0
0,0,0,0,0,0,0,0,0
0,0,0,0,0,0,0,0,0
0,0,0,0,0,0,0,0,0
0,0,0,0,0,0,0,0,0
0,0,0,0,0,0,0,0,0
0,0,0,0,0,0,0,0,0
0,0,0,0,0,0,0,0,0
0,0,0,0,0,0,0,0,0
0,0,0,0,0,0,0,0,0
0,0,0,0,0,0,0,0,0
0,0,0,0,0,0,0,0,0
0,0,0,0,0,0,0,0,0
0,0,0,0,0,0,0,0,0
0,0,0,0,0,0,0,0,0
0,0,0,0,0,0,0,0,0
0,0,0,0,0,0,0,0,0
0,0,0,0,0,0,0,0,0
0,0,0,0,0,0,0,0,0
0,0,0,0,0,0,0,0,0
0,0,0,0,0,0,0,0,0
0,0,0,0,0,0,0,0,0
0,0,0,0,0,0,0,0,0
0,0,0,0,0,0,0,0,0
0,0,0,0,0,0,0,0,0
0,0,0,0,0,0,0,0,0
0,0,0,0,0,0,0,0,0
0,0,0,0,0,0,0,0,0
0,0,0,0,0,0,0,0,0
0,0,0,0,0,0,0,0,0
0,0,0,0,0,0,0,0,0
0,0,0,0,0,0,0,0,0
0,0,0,0,0,0,0,0,0
0,0,0,0,0,0,0,0,0
0,0,0,0,0,0,0,0,0
0,0,0,0,0,0,0,0,0
0,0,0,0,0,0,0,0,0
0,0,0,0,0,0,0,0,0
0,0,0,0,0,0,0,0,0
0,0,0,0,0,0,0,0,0
0,0,0,0,0,0,0,0,0
0,0,0,0,0,0,0,0,0
0,0,0,0,0,0,0,0,0
0,0,0,0,0,0,0,0,0
0,0,0,0,0,0,0,0,0
0,0,0,0,0,0,0,0,0
0,0,0,0,0,0,0,0,0
0,0,0,0,0,0,0,0,0
0,0,0,0,0,0,0,0,0
0,0,0,0,0,0,0,0,0
0,0,0,0,0,0,0,0,0
0,0,0,0,0,0,0,0,0
0,0,0,0,0,0,0,0,0
0,0,0,0,0,0,0,0,0
0,0,0,0,0,0,0,0,0
0,0,0,0,0,0,0,0,0
0,0,0,0,0,0,0,0,0
0,0,0,0,0,0,0,0,0
0,0,0,0,0,0,0,0,0
0,0,0,0,0,0,0,0,0
0,0,0,0,0,0,0,0,0
0,0,0,0,0,0,0,0,0
0,0,0,0,0,0,0,0,0
0,0,0,0,0,0,0,0,0
0,0,0,0,0,0,0,0,0
0,0,0,0,0,0,0,0,0
0,0,0,0,0,0,0,0,0
0,0,0,0,0,0,0,0,0
0,0,0,0,0,0,0,0,0
0,0,0,0,0,0,0,0,0
0,0,0,1.87701981016423e+24,2.15421113627873e+24,7.05254709254981e+23,1.95215493857215e+24,2.14942898420594e+24,2.57796889544259e+24
2.3731418523408e+24,1.55818748156492e+24,2.42575950839133e+24,1.33321163125665e+24,2.87913704525532e+23,1.6775769010348e+24,7.09228397552345e+23,7.26923240540859e+23,2.40170804200878e+24
6.93989801057694e+23,5.94161482100513e+23,2.38554502806462e+24,7.01390894005207e+23,2.48218018042498e+24,2.40447326232777e+24,8.12113000845339e+23,1.6920965402304e+24,2.38317406474697e+24
7.41939622449264e+23,7.10661245850156e+23,1.82014378803526e+24,7.19267713554397e+23,2.60456353651546e+23,1.70695182466997e+24,4.34109594309347e+23,1.71958132282555e+24,2.54658423402197e+24
2.27477920287776e+24,4.67890447502785e+23,1.86461384528581e+24,6.49979206458807e+23,2.24192844161331e+24,1.11256635385301e+24,3.19599717357213e+23,1.62217314610633e+24,2.5242907451728e+24
9.69606686520662e+23,2.17994741765969e+24,4.56857270626073e+23,1.29054157080076e+24,1.8230098504323e+24,1.19143103501868e+24,2.51849245928358e+24,7.03171901652108e+23,5.32839783249527e+23
2.44435376056187e+24,2.44177029389813e+24,1.09846550111469e+24,1.94372307114213e+24,6.11520713529116e+23,1.90840943195156e+24,1.6338956525285e+24,2.07183345029045e+24,2.20540205973918e+24
2.58084146786139e+24,9.8141351181376e+23,1.91255991350975e+24,1.94949845494642e+24,2.30616053022542e+24,1.85927808064172e+24,1.34697132080562e+24,1.3458253514363e+24,1.22420729327731e+24
5.68620994435832e+23,1.14471797919153e+24,1.4623187521452e+24,2.44673713089072e+24,3.09867309771393e+23,2.21826623595193e+24,7.65211832505017e+23,2.3424897573488e+24,1.99031579283242e+24
1.28222310612102e+24,9.043871874936e+23,2.12622005676884e+24,1.62036953177389e+24,2.86702352982318e+23,1.45411322681373e+24,1.41753172045282e+24,3.1592239919561e+23,2.25681127677156e+24
9.37433816766361e+23,2.07720847779637e+24,1.12405356468131e+24,1.09410046937261e+24,2.26835434157149e+24,8.42171248673091e+23,2.06805338443587e+24,2.24261982871215e+24,1.21639747401393e+24
1.35061403515106e+24,6.56423381677159e+23,8.46618051227783e+23,5.49887114637135e+23,2.20438477470859e+24,3.21340379878665e+23,2.20134673201218e+24,1.66812440800215e+24,9.64122214943044e+23
2.15796571629552e+24,1.62752812545399e+24,2.31790802757872e+24,8.80863813411382e+23,2.5879943245883e+24,2.06604178179774e+24,2.09049967344763e+24,1.3858193016501e+24,2.37994213160193e+24
5.57746682612176e+23,2.08237400125542e+24,1.31690259811306e+24,2.53487515087976e+24,2.47295487856534e+24,2.53875680803681e+24,1.47561562292564e+24,1.49627305126215e+24,1.23226538888198e+24
9.99168665694517e+23,1.19946616557851e+24,2.17641348321044e+24,1.99477688076743e+24,2.52143599510205e+24,2.43867087274813e+24,3.25219416877261e+23,1.45814583511234e+24,2.01827333698271e+24
2.94891419514781e+23,1.29352452834505e+24,6.28069441341192e+23,1.75406245403458e+24,1.86223600744274e+24,6.80658938465629e+23,5.46870863107112e+23,1.60699619711462e+24,1.76935699805172e+24
7.85382415533523e+23,2.09929790567238e+24,2.1306000790718e+24,1.96715853104644e+24,1.09503600907908e+24,1.67480812643345e+24,1.76083580640586e+24,3.61806222973175e+23,2.11669338440281e+24
1.80664302293925e+24,4.27097724845187e+23,2.03603756075046e+24,2.4329496947831e+24,2.8335516126972e+23,1.27596275627742e+24,9.47986387968423e+23,1.16959991849433e+24,1.06338118339383e+24
2.6435495445761e+23,2.19660330441893e+24,4.99927221414862e+23,1.88260890526656e+24,1.78945512361228e+24,1.92470746775684e+24,4.14684530519547e+23,2.05737257409699e+24,1.9196578232822e+24
9.33991417037892e+23,1.15500905731921e+24,2.13537586825705e+24,4.94730465883899e+23,1.34010509881455e+24,1.16416249936027e+24,1.66462696982228e+24,1.04719405265995e+24,5.30938886962107e+23
2.41872552869323e+24,6.63292633990281e+23,7.71442610777671e+23,4.58360606275893e+23,5.28178592005746e+23,1.06767107319809e+24,1.85263970475138e+24,2.23391301419341e+24,6.71042800057376e+23
1.93253921275773e+24,5.6189128796728e+23,5.04761948634116e+23,1.28023187216399e+24,2.35499089733311e+24,2.29176548223837e+24,5.62888180580715e+23,1.44464714725661e+24,9.30391489367368e+23
1.02802671618775e+24,1.18971724712918e+24,1.99817818730039e+24,3.83674942434201e+23,2.54235153073132e+24,2.38108247089359e+24,8.265525545594e+23,2.1663678709138e+24,8.49809643877789e+23
2.22403291241403e+24,1.43303218420465e+24,2.78163735219468e+23,1.01703157851526e+24,1.52803216440662e+24,2.16995025540748e+24,5.76861537372524e+23,2.46775003853509e+24,1.67286964801419e+24
2.24770799867131e+24,7.34039564606907e+23,2.51502780060727e+24,2.29770287690607e+24,1.07936711006516e+24,2.57330778993488e+24,7.9017416834112e+23,1.97867956064921e+24,9.20904600578285e+23
1.50928272093388e+24,8.43016339168145e+23,1.38916536605137e+24,2.99771371277001e+23,6.88708757247304e+23,2.93301979387014e+23,1.25540572322052e+24,6.07376028683898e+23,1.55428174080354e+24
8.35221611682462e+23,2.52793265951839e+24,2.48909727131904e+24,7.48790830013558e+23,8.3233408201635e+23,1.42299369824802e+24,2.00915410250504e+24,1.87881531103825e+24,2.57494586581706e+24
4.24772326027096e+23,1.59197248226012e+24,6.24850134229846e+23,1.57826406448664e+24,5.87868276514969e+23,1.20241199575085e+24,2.12201277723283e+24,1.50196319150192e+24,4.50165412465628e+23
1.63275040256074e+24,2.17714357782239e+24,2.05912472157286e+24,1.55185659699552e+24,4.60871453416281e+23,1.62951674037324e+24,1.03006335384593e+24,7.96312352312672e+23,1.83012151249974e+24
1.9704122966025e+24,6.32966758403518e+23,1.54435759095461e+24,2.53290462795766e+24,1.83695004362072e+24,1.33240649320051e+24,4.71957526195889e+23,2.46588595758841e+24,2.19169272419058e+24
4.43980944979193e+23,3.64954678425485e+23,2.26232226833585e+24,8.89612098574272e+23,6.59586115929206e+23,8.18306602292265e+23,2.57031050645065e+24,4.46199499269883e+23,1.95376462796794e+24
8.35528532927406e+23,2.36269678244515e+24,3.87176621751974e+23,1.05331068176094e+24,2.36629555141049e+24,1.17597713255577e+24,1.0564034958856e+24,8.2115770559723e+23,1.67787418902988e+24
4.65947921130329e+23,4.30302121978175e+23,2.72980382706845e+23,1.04887501392036e+24,9.91619121677227e+23,9.11416612158798e+23,2.33254977797928e+24,1.74209284047568e+24,1.89044329970881e+24
2.76376756265009e+23,8.78782021171705e+23,2.35729174085586e+24,2.28094885056166e+24,2.14113619056823e+24,2.6660872259059e+23,8.86932019570333e+23,6.2025480410678e+23,7.13820950625405e+23
1.9278400884731e+24,2.00440604322818e+24,3.79958615270575e+23,1.96167855718971e+24,1.42649955066251e+24,1.66306749627101e+24,2.12358299174099e+24,1.29920509541795e+24,1.60890665760793e+24
1.85721954624752e+24,2.48455251312098e+24,2.25531919379962e+24,2.30030277545546e+24,2.33402121505778e+24,1.42952107942677e+24,2.51705503984418e+24,1.5247391672522e+24,1.65334646422723e+24
1.5479451120045e+24,1.17987561940541e+24,1.69455878873631e+24,2.44943038442869e+24,1.07350948272731e+24,8.2312888792319e+23,1.9015083105548e+24,3.14240210339784e+23,2.51263612634759e+24
8.69827843239627e+23,2.49075010451484e+24,2.17052602952813e+24,1.88719400540734e+24,1.00964317212553e+24,1.04032200382288e+24,1.57342165600887e+24,2.00016829633191e+24,8.61167106657469e+23
1.11431546242882e+24,6.01571964098728e+23,1.87108418818574e+24,6.12545200302101e+23,1.48688482853639e+24,1.84638927974581e+24,1.50730174572432e+24,6.78920326322688e+23,1.83462873405423e+24
5.25029810087208e+23,2.11433062331899e+24,9.57828929110675e+23,1.56884403789637e+24,1.3864866098462e+24,1.57235068127423e+24,6.06523212037981e+23,1.56746296333606e+24,1.14891185256665e+24
8.95057531436205e+23,6.75415343698947e+23,5.1789654810693e+23,2.50222774341319e+24,8.96486670807954e+23,9.71910761073786e+23,3.52313703417631e+23,2.02829219387796e+24,1.76666651426286e+24
2.23888995004552e+24,1.48561798130751e+24,5.18217391695224e+23,1.64700750754344e+24,1.66996898480553e+24,1.40053024440654e+24,1.30499877345305e+24,6.41540239336492e+23,2.43128797113392e+24
2.26502423691942e+24,2.29399880444688e+24,1.97417656872501e+24,5.42339190845849e+23,1.9220497479555e+24,1.40806376883935e+24,2.21912371954303e+24,2.13353380798722e+24,8.54691738331921e+23
8.70553548024752e+23,3.92189178245805e+23,1.1063580104879e+24,1.05717262261255e+24,2.32460120260703e+24,1.44900725783299e+24,3.70383278133969e+23,1.1525315255376e+24,1.0425663162041e+24
1.83936966782328e+24,1.58469901401017e+24,1.08261969782942e+24,1.81081764035477e+24,3.62692976663155e+23,1.30043370853859e+24,6.42724350654915e+23,2.4863435338484e+24,1.63906370198999e+24
1.24856318983475e+24,1.00525109117428e+24,2.07409138198662e+24,2.2711544061728e+24,2.34413926511105e+24,2.21103044251118e+24,1.18713281420673e+24,1.58103294193065e+24,5.83719233060235e+23
1.61498251450234e+24,1.1566083030213e+24,2.03852867385737e+24,1.64844666635358e+24,1.74638444876055e+24,6.67116212726271e+23,2.55497916650588e+24,2.4785439771269e+24,1.62621923506373e+24
9.40776771295162e+23,2.04473343195043e+24,3.04826431790314e+23,1.8284810742024e+24,2.4952600333958e+24,5.13418327313491e+23,2.24665373062005e+24,1.38174951446805e+24,2.50672042985766e+24
1.47722668442892e+24,3.53376755436776e+23,1.8149988625483e+24,1.85003156701391e+24,1.59874394583841e+24,1.46558482512425e+24,5.76286038158792e+23,2.5688271670005e+24,6.25883594805382e+23
9.18077049097665e+23,1.12051015054271e+24,1.52269943959964e+24,2.04015286638592e+24,2.41380290459494e+24,1.7563629448307e+24,9.77943376349775e+23,2.36895963931756e+24,7.86616496946942e+23
4.35151542998696e+23,2.16324709866316e+24,3.39584259127591e+23,2.06224120231105e+24,7.00083959500106e+23,7.61284405414061e+23,4.79059685052494e+23,1.76565977541824e+24,1.05044755468251e+24
1.50403714043311e+24,6.17704551391089e+23,9.24370876604793e+23,1.07667688827412e+24,9.02737699436158e+23,2.32735333037386e+24,1.32900980220718e+24,1.14011423803178e+24,1.39468231156567e+24
9.8501666572453e+23,5.35109949189708e+23,2.12866045416931e+24,1.5337824809838e+24,5.22216669788816e+23,1.89796039982793e+24,5.14365142437624e+23,2.1605936597418e+24,9.94263341664158e+23
2.13923117988458e+24,8.85169336735441e+23,1.85310861330241e+24,1.46489061713963e+24,9.93089761578448e+23,1.8837785341256e+24,1.89704427918598e+24,4.06066620190866e+23,2.26033658346436e+24
1.97203137314934e+24,1.11662394457372e+24,7.58320416048658e+23,1.91796965258576e+24,1.68013423614934e+24,2.56016874320481e+24,1.94130238150332e+24,1.3955208300058e+24,1.28800103321903e+24
6.30914819834504e+23,1.2383395378435e+24,1.13634361780222e+24,2.42783798623083e+24,1.44944519644571e+24,1.23599900414038e+24,2.0066278375439e+24,1.71354381292837e+24,2.47347802071586e+24
8.63721269062414e+23,1.68253034710768e+24,1.08533391581668e+24,3.55446392472224e+23,1.12623717858568e+24,2.25388274922246e+24,1.03711606046041e+24,9.23902132391789e+23,2.21486860792791e+24
2.55544779147311e+24,1.49344768703389e+24,1.21471843351237e+24,1.30431480439322e+24,5.10015066464196e+23,8.02051846470416e+23,2.1202573138048e+24,1.20455743428986e+24,1.78370933283401e+24
1.9059623670386e+24,1.37736951045262e+24,3.01288120690628e+23,1.68920404391195e+24,1.17160283139934e+24,6.38235329789617e+23,1.83323381057399e+24,4.82512269579719e+23,2.27872166037054e+24
1.26167552782885e+24,1.40709451610351e+24,1.65770422400851e+24,1.31394683536016e+24,2.00700585960177e+24,2.39826345259921e+24,2.3087972506554e+24,1.24435209878697e+24,2.5862853925579e+24
2.55932721155734e+24,1.92568374650515e+24,1.31056011508043e+24,1.61760869635633e+24,2.58353731881531e+24,8.15634064483741e+23,5.44497793977395e+23,3.9364090124606e+23,7.81221079751377e+23
1.36336200319813e+24,8.40097638545776e+23,1.8441599299447e+24,5.07891307963712e+23,1.86128829992985e+24,1.9478065026898e+24,2.47731178697867e+24,1.49856165682851e+24,1.44095702539644e+24
1.43849504841589e+24,1.79372431917258e+24,2.58053283800453e+24,1.58282415886798e+24,2.05549440469912e+24,7.49608941042546e+23,1.5606462978052e+24,2.42407084584114e+24,1.35838920334127e+24
2.28278989569046e+24,1.42376898748773e+24,1.51398569011721e+24,7.92558198123262e+23,1.14783256696969e+24,2.21382345938583e+24,1.41174456499441e+24,6.51623913070324e+23,1.78680587861583e+24
2.1032894328024e+24,1.97890649230856e+24,1.32577979160763e+24,1.18101021811788e+24,2.46091617604569e+24,6.53920692850607e+23,2.1475100307522e+24,2.26577104690356e+24,1.45358469629296e+24
2.39326808722049e+24,2.38887126351481e+24,1.87261499415586e+24,1.24054277165434e+24,2.23176239890633e+24,9.4366369567258e+23,1.64454395058796e+24,1.58859873197585e+24,1.71640835502443e+24
1.12796217606419e+24,1.72966049072712e+24,4.02392348413822e+23,1.09136005521943e+24,5.70062479538534e+23,1.26712078124686e+24,2.98844749349582e+23,1.53114329499507e+24,3.12762305822108e+23
2.25143641333532e+24,4.87542055091925e+23,1.8161904552035e+24,1.02489703986624e+24,4.15642415524324e+23,1.71058427767242e+24,1.88895138239926e+24,1.37253189637769e+24,9.62340360698768e+23
1.68496903675508e+24,1.29027718056906e+24,1.43084731302379e+24,1.53620541433033e+24,1.73151484488774e+24,1.73877885570738e+24,2.08620456684469e+24,1.4602652903467e+24,2.4065808214875e+24
2.35097140748745e+24,1.91083263244673e+24,2.37267945677915e+24,9.50082499378956e+23,2.4220004002941e+24,2.01292974033131e+24,8.24085863326154e+23,6.82281669726131e+23,1.93525939671486e+24
8.66389319772743e+23,9.15283106675486e+23,7.54336638616525e+23,1.54048474826678e+24,7.66164315109223e+23,1.16680006107111e+24,7.74464904583311e+23,2.34512087855772e+24,6.62451725006986e+23
1.55081971618725e+24,1.74881832215892e+24,1.34218208410624e+24,1.72092544777873e+24,1.98195131171744e+24,1.0348714027018e+24,2.10165177436895e+24,1.61297305095945e+24,6.37051382038388e+23
5.54520272719782e+23,1.30880544779701e+24,2.32901107067679e+24,1.24165417889864e+24,2.70801954279019e+23,1.60275020430411e+24,1.18546387004794e+24,1.08903957064585e+24,4.07937746298565e+23
1.43529650342455e+24,1.70128003551185e+24,3.34577359203778e+23,3.06079159538656e+23,4.98667307497198e+23,4.89947388976285e+23,9.38816019253473e+23,2.52602818562486e+24,1.80878985989777e+24
2.39525061793285e+24,1.9150940860946e+24,1.36187177408624e+24,2.14408052808357e+24,2.14572435562123e+24,1.48067619228156e+24,3.29594402518623e+23,1.53063275440938e+24,4.8419067097163e+23
1.21819141888048e+24,7.78098278999376e+23,1.96506079884061e+24,2.28587642093387e+24,1.9637003523675e+24,9.08206711357923e+23,2.34960067689408e+24,2.03224453131044e+24,7.69791773474205e+23
9.68104967120463e+23,2.37645938611244e+24,1.13184155744989e+24,9.28819478036852e+23,2.53139481760144e+24,3.3669229604713e+23,1.7737947238971e+24,9.8920465221955e+23,6.96370949537507e+23
1.69171132546771e+24,1.69994313328623e+24,2.32043513638962e+24,2.4542760518823e+24,1.09959831324343e+24,1.35664902135991e+24,3.68839539411103e+23,2.11029388654494e+24,1.29680793873794e+24
1.3667903822917e+24,9.59194926365255e+23,2.02563490855589e+24,1.48395753364498e+24,1.63693300238634e+24,3.48488427286705e+23,4.91335439911135e+23,1.95959139640736e+24,1.3754786269551e+24
1.07274485950167e+24,1.80586352567695e+24,1.79978927034401e+24,1.75103044691206e+24,1.797438884569e+24,2.02352891763914e+24,5.92597161777156e+23,3.3176820364175e+23,2.31332659102349e+24
1.04321521097466e+24,1.32347384127439e+24,1.15965003957592e+24,2.29015337601458e+24,9.7364304659789e+23,5.98990911302431e+23,5.80144188575608e+23,1.01494145713114e+24,5.40155695506044e+23
1.66023584705367e+24,4.96408830865858e+23,2.46256762161741e+24,2.0636632246775e+24,2.02295422527529e+24,1.35280166272702e+24,1.16715672945563e+24,2.43636263930025e+24,3.78022243715068e+23
1.7625111183363e+24,4.62863622827021e+23,7.21403600799344e+23,3.42745420749058e+23,1.58912402027317e+24,4.70250337940117e+23,7.38861558763746e+23,4.54121699395706e+23,1.72279236100093e+24
1.16068299950348e+24,2.47039307907882e+24,2.45201256849205e+24,2.49966496887701e+24,6.21443960322595e+23,1.64245781409123e+24,1.73434604810463e+24,6.92293583508824e+23,2.59176444391621e+24
1.90317202934395e+24,1.78260454263476e+24,8.77260756021801e+23,1.31283980030373e+24,4.42277574908674e+23,2.56223456765778e+24,3.24117080684079e+23,1.40444987001976e+24,2.09203698851657e+24
1.65445102330319e+24,1.81795353695677e+24,5.38328638169526e+23,2.55094137150195e+24,2.54452702169045e+24,1.20802644376091e+24,2.33953075177273e+24,1.1090824998596e+24,1.49492024317489e+24
2.23642374411206e+24,4.28732060170074e+23,4.00695833217158e+23,2.31223280268434e+24,7.15470693560111e+23,2.81202306387111e+23,1.24636782816549e+24,1.1771936275226e+24,1.77589360146714e+24
1.60373383429801e+24,7.46381207382833e+23,1.26831983175862e+24,1.21193452254355e+24,2.54877697712985e+24,1.61148088648312e+24,1.32222897576417e+24,2.07998895675706e+24,1.26366760148216e+24
1.39138519521294e+24,6.85373046903321e+23,1.00797048391109e+24,7.29922415489638e+23,1.01942198355464e+24,4.51318463501528e+23,2.10764455431856e+24,8.04026182546456e+23,1.98382294017991e+24
1.99154992572747e+24,2.36520866538418e+24,1.59730405799649e+24,2.50844109713496e+24,2.20762749054241e+24,1.3187780040257e+24,2.91286399707799e+23,1.79057568414543e+24,8.61539083987619e+23
1.25704763471287e+24,1.594611310247e+24,1.5204041875967e+24,1.1314508330341e+24,1.78007872045548e+24,4.20929828022238e+23,8.3038335197271e+23,3.73154938641448e+23,6.13932389173522e+23
9.54225265499148e+23,2.41524371127561e+24,1.47192449578011e+24,6.69781505919206e+23,1.65194971049643e+24,3.81806951807507e+23,1.79594535548761e+24,1.209772097761e+24,1.22765960864326e+24
5.73089072176531e+23,1.87577532004112e+24,2.22168669145977e+24,2.45663389138323e+24,2.10587855901953e+24,1.46988854211958e+24,8.74129164221018e+23,2.3610279401572e+24,1.25983522052876e+24
1.28579953509641e+24,1.98610020787826e+24,2.07507988453714e+24,4.12751284182508e+23,9.84611963978363e+23,2.0935900943679e+24,2.1130412387962e+24,1.02378360285705e+24,1.25120273847965e+24
7.82261912859172e+23,1.22104585188817e+24,8.84311588606421e+23,4.75905679769349e+23,9.45424903467691e+23,8.14468600248799e+23,2.04220704261986e+24,8.08031363746167e+23,3.28369013201879e+23
8.99175292803004e+23,8.58198846520895e+23,2.45861619508124e+24,2.18469559539084e+24,9.05777635836286e+23,5.66258948547407e+23,2.01503019610701e+24,1.08403341267164e+24,1.06959195133219e+24
7.75120262306587e+23,1.3368678236268e+24,9.98219462670545e+23,5.96331616349965e+23,1.99519144735664e+24,1.72446817804734e+24,6.86723129396122e+23,5.02727095413392e+23,2.49793912330563e+24
2.31670567659062e+24,2.32234444407008e+24,1.41363277287709e+24,2.75447010343e+23,1.36817748797367e+24,1.51603043980569e+24,1.1189300252312e+24,5.82437624078541e+23,2.19898917243319e+24
7.53019919415805e+23,3.47598499487797e+23,5.58212922435878e+23,2.04828008352887e+24,1.10539594540819e+24,5.51091187030549e+23,1.19426900719734e+24,2.50431998239565e+24,8.52308642549835e+23
4.37304573717153e+23,2.09683728894462e+24,1.35545251543202e+24,2.18926383684189e+24,2.22609860316612e+24,2.19367701387093e+24,1.20108676719473e+24,7.35871689685448e+23,2.39885918964452e+24
2.33589615407442e+24,2.17465495390055e+24,2.56660326255084e+24,2.18225856140649e+24,2.35339427068836e+24,1.57603521617005e+24,1.80353518926577e+24,1.69644010265221e+24,2.05137622031557e+24
1.77255147205457e+24,1.41553366998966e+24,1.70501607582045e+24,6.73242885757326e+23,9.13924011105771e+23,1.95746221594817e+24,9.75939849162504e+23,5.25672032301474e+23,1.82597464284285e+24
5.88477358491428e+23,1.27389265474973e+24,1.7590504912796e+24,2.40985150701301e+24,6.46241792756353e+23,1.02157313679758e+24,1.33922309802096e+24,1.37138165540607e+24,1.22675266434339e+24
1.54673667183688e+24,6.48854574433593e+23,7.42750499755884e+23,2.03400867696372e+24,8.9227403789602e+23,2.08411070811263e+24,1.93681898029561e+24,7.32488048350967e+23,2.39076938397229e+24
7.98951334589066e+23,1.56355756351342e+24,2.27684587579299e+24,2.3047408508996e+24,3.95688180013247e+23,1.7442865068425e+24,7.60565245243571e+23,2.0205030466712e+24,1.5112442962079e+24
2.43428350161418e+24,2.15241114226154e+24,1.7377917885279e+24,9.54694430413155e+23,1.27709304866054e+24,1.01080055112457e+24,1.72702747710464e+24,2.41114309353335e+24,1.5611689314957e+24
2.30087294039564e+24,1.53898429062519e+24,7.18648739978537e+23,1.06139830689666e+24,4.76875153795625e+23,1.38095460684614e+24,7.25221220401912e+23,1.47398004668827e+24,8.48311700654994e+23
1.42054916024307e+24,3.75091027125961e+23,1.86908192042013e+24,4.39866654533103e+23,1.14256937995193e+24,1.10204082858286e+24,1.03298757840269e+24,1.19594060069317e+24,2.49326548690673e+24
8.07212842635065e+23,1.06424074843517e+24,1.49053963623324e+24,1.70955139476766e+24,2.18777462138151e+24,2.23033602443436e+24,1.89322138904384e+24,6.04170857317677e+23,1.26984581153769e+24
1.2311344928784e+24,3.9772875982956e+23,2.05101337004374e+24,3.57964874430587e+23,2.28730778375716e+24,3.43408089829182e+23,1.84192943231152e+24,4.10745123898336e+23,2.62451491556518e+23
2.16090376530878e+24,1.39945568783898e+24,1.93030752351701e+24,4.19127961069786e+23,1.5179396945514e+24,3.88928200466441e+23,1.94448323291397e+24,1.13811229164351e+24,2.53736468709126e+24
7.93783871323114e+23,1.44294900165126e+24,9.33415710736789e+23,1.00271855626207e+24,0,0,0,0,0
0,0,0,0,0,0,0,0,0
0,0,0,0,0,0,0,0,0
0,0,0,0,0,0,0,0,0
0,0,0,0,0,0,0,0,0
0,0,0,0,0,0,0,0,0
0,0,0,0,0,0,0,0,0
0,0,0,0,0,0,0,0,0
0,0,0,0,0,0,0,0,0
0,0,0,0,0,0,0,0,0
0,0,0,0,0,0,0,0,0
0,0,0,0,0,0,0,0,0
0,0,0,0,0,0,0,0,0
0,0,0,0,0,0,0,0,0
0,0,0,0,0,0,0,0,0
0,0,0,0,0,0,0,0,0
0,0,0,0,0,0,0,0,0
0,0,0,0,0,0,0,0,0
0,0,0,0,0,0,0,0,0
0,0,0,0,0,0,0,0,0
0,0,0,0,0,0,0,0,0
0,0,0,0,0,0,0,0,0
0,0,0,0,0,0,0,0,0
0,0,0,0,0,0,0,0,0
0,0,0,0,0,0,0,0,0
0,0,0,0,0,0,0,0,0
0,0,0,0,0,0,0,0,0
0,0,0,0,0,0,0,0,0
0,0,0,0,0,0,0,0,0
0,0,0,0,0,0,0,0,0
0,0,0,0,0,0,0,0,0
0,0,0,0,0,0,0,0,0
0,0,0,0,0,0,0,0,0
0,0,0,0,0,0,0,0,0
0,0,0,0,0,0,0,0,0
0,0,0,0,0,0,0,0,0
0,0,0,0,0,0,0,0,0
0,0,0,0,0,0,0,0,0
0,0,0,0,0,0,0,0,0
0,0,0,0,0,0,0,0,0
0,0,0,0,0,0,0,0,0
0,0,0,0,0,0,0,0,0
0,0,0,0,0,0,0,0,0
0,0,0,0,0,0,0,0,0
0,0,0,0,0,0,0,0,0
0,0,0,0,0,0,0,0,0
0,0,0,0,0,0,0,0,0
0,0,0,0,0,0,0,0,0
0,0,0,0,0,0,0,0,0
0,0,0,0,0,0,0,0,0
0,0,0,0,0,0,0,0,0
0,0,0,0,0,0,0,0,0
0,0,0,0,0,0,0,0,0
0,0,0,0,0,0,0,0,0
0,0,0,0,0,0,0,0,0
0,0,0,0,0,0,0,0,0
0,0,0,0,0,0,0,0,0
0,0,0,0,0,0,0,0,0
0,0,0,0,0,0,0,0,0
0,0,0,0,0,0,0,0,0
0,0,0,0,0,0,0,0,0
0,0,0,0,0,0,0,0,0
0,0,0,0,0,0,0,0,0
0,0,0,0,0,0,0,0,0
0,0,0,0,0,0,0,0,0
0,0,0,0,0,0,0,0,0
0,0,0,0,0,0,0,0,0
0,0,0,0,0,0,0,0,0
0,0,0,0,0,0,0,0,0
0,0,0,0,0,0,0,0,0
0,0,0,0,0,0,0,0,0
0,0,0,0,0,0,0,0,0
0,0,0,0,0,0,0,0,0
0,0,0,0,0,0,0,0,0
0,0,0,0,0,0,0,0,0
0,0,0,0,0,0,0,0,0
0,0,0,0,0,0,0,0,0
0,0,0,0,0,0,0,0,0
0,0,0,0,0,0,0,0,0
0,0,0,0,0,0,0,0,0
0,0,0,0,0,0,0,0,0
0,0,0,0,0,0,0,0,0
0,0,0,0,0,0,0,0,0
0,0,0,0,0,0,0,0,0
0,0,0,0,0,0,0,0,0
0,0,0,0,0,0,0,0,0
0,0,0,0,0,0,0,0,0
0,0,0,0,0,0,0,0,0
0,0,0,0,0,0,0,0,0
0,0,0,0,0,0,0,0,0
0,0,0,0,0,0,0,0,0
0,0,0,0,0,0,0,0,0
0,0,0,0,0,0,0,0,0
0,0,0,0,0,0,0,0,0
0,0,0,0,0,0,0,0,0
0,0,0,0,0,0,0,0,0
0,0,0,0,0,0,0,0,0
0,0,0,0,0,0,0,0,0
0,0,0,0,0,0,0,0,0
0,0,0,0,0,0,0,0,0
0,0,0,0,0,0,0,0,0
0,0,0,0,0,0,0,0,0
0,0,0,0,0,0,0,0,0
0,0,0,0,0,0,0,0,0
0,0,0,0,0,0,0,0,0
0,0,0,0,0,0,0,0,0
0,0,0,0,0,0,0,0,0
0,0,0,0,0,0,0,0,0
0,0,0,0,0,0,0,0,0
0,0,0,0,0,0,0,0,0
0,0,0,0,0,0,0,0,0
0,0,0,0,0,0,0,0,0
0,0,0,0,0,0,0,0,0
0,0,0,0,0,0,0,0,0
0,0,0,0,0,0,0,0,0
0,0,0,0,0,0,0,0,0
0,0,0,0,0,0,0,0,0
0,0,0,0,0,0,0,0,0
0,0,0,0,0,0,0,0,0
0,0,0,0,0,0,0,0,0
0,0,0,0,0,0,0,0,0
0,0,0,0,0,0,0,0,0
0,0,0,0,0,0,0,0,0
0,0,0,0,0,0,0,0,0
0,0,0,0,0,0,0,0,0
0,0,0,0,0,0,0,0,0
0,0,0,0,0,0,0,0,0
0,0,0,0,0,0,0,0,0
0,0,0,0,0,0,0,0,0
0,0,0,0,0,0,0,0,0
0,0,0,0,0,0,0,0,0
0,0,0,0,0,0,0,0,0
0,0,0,0,0,0,0,0,0
0,0,0,0,0,0,0,0,0
0,0,0,0,0,0,0,0,0
0,0,0,0,0,0,0,0,0
0,0,0,0,0,0,0,0,0
0,0,0,0,0,0,0,0,0
0,0,0,0,0,0,0,0,0
0,0,0,0,0,0,0,0,0
0,0,0,0,0,0,0,0,0
0,0,0,0,0,0,0,0,0
0,0,0,0,0,0,0,0,0
0,0,0,0,0,0,0,0,0
0,0,0,0,0,0,0,0,0
0,0,0,0,0,0,0,0,0
0,0,0,0,0,0,0,0,0
0,0,0,0,0,0,0,0,0
0,0,0,0,0,0,0,0,0
0,0,0,0,0,0,0,0,0
0,0,0,0,0,0,0,0,0
0,0,0,0,0,0,0,0,0
0,0,0,0,0,0,0,0,0
0,0,0,0,0,0,0,0,0
0,0,0,0,0,0,0,0,0
0,0,0,0,0,0,0,0,0
0,0,0,0,0,0,0,0,0
0,0,0,0,0,0,0,0,0
0,0,0,0,0,0,0,0,0
0,0,0,0,0,0,0,0,0
0,0,0,0,0,0,0,0,0
0,0,0,0,0,0,0,0,0
0,0,0,0,0,0,0,0,0
0,0,0,0,0,0,0,0,0
0,0,0,0,0,0,0,0,0
0,0,0,0,0,0,0,0,0
0,0,0,0,0,0,0,0,0
0,0,0,0,0,0,0,0,0
0,0,0,0,0,0,0,0,0
0,0,0,0,0,0,0,0,0
0,0,0,0,0,0,0,0,0
0,0,0,0,0,0,0,0,0
0,0,0,0,0,0,0,0,0
0,0,0,0,0,0,0,0,0
0,0,0,0,0,0,0,0,0
0,0,0,0,0,0,0,0,0
0,0,0,0,0,0,0,0,0
0,0,0,0,0,0,0,0,0
0,0,0,0,0,0,0,0,0
0,0,0,0,0,0,0,0,0
0,0,0,0,0,0,0,0,0
0,0,0,0,0,0,0,0,0
0,0,0,0,0,0,0,0,0
0,0,0,0,0,0,0,0,0
0,0,0,0,0,0,0,0,0
0,0,0,0,0,0,0,0,0
0,0,0,0,0,0,0,0,0
0,0,0,0,0,0,0,0,0
0,0,0,0,0,0,0,0,0
0,0,0,0,0,0,0,0,0
0,0,0,0,0,0,0,0,0
0,0,0,0,0,0,0,0,0
0,0,0,0,0,0,0,0,0
0,0,0,0,0,0,0,0,0
0,0,0,0,0,0,0,0,0
0,0,0,0,0,0,0,0,0
0,0,0,0,0,0,0,0,0
0,0,0,0,0,0,0,0,0
0,0,0,0,0,0,0,0,0
0,0,0,0,0,0,0,0,0
0,0,0,0,0,0,0,0,0
0,0,0,0,0,0,0,0,0
0,0,0,0,0,0,0,0,0
0,0,0,0,0,0,0,0,0
0,0,0,0,0,0,0,0,0
0,0,0,0,0,0,0,0,0
0,0,0,0,0,0,0,0,0
0,0,0,0,0,0,0,0,0
0,0,0,0,0,0,0,0,0
0,0,0,0,0,0,0,0,0
0,0,0,0,0,0,0,0,0
0,0,0,0,0,0,0,0,0
0,0,0,0,0,0,0,0,0
0,0,0,0,0,0,0,0,0
0,0,0,0,0,0,0,0,0
0,0,0,0,0,0,0,0,0
0,0,0,0,0,0,0,0,0
0,0,0,0,0,0,0,0,0
0,0,0,0,0,0,0,0,0
0,0,0,0,0,0,0,0,0
0,0,0,0,0,0,0,0,0
0,0,0,0,0,0,0,0,0
0,0,0,0,0,0,0.00100056254077969,0.000855373409217832,0.000300935166244823
0.000381918800963606,0.000236496165561262,0.0151030283112706,0.00033014694841729,0.000720070350904758,0.000216183998330636,0.000374358906130005,0.000385263363649512,0.000642076368355858
0.000379698556629484,0.000297578437394,0.00187878444948678,0.0002546991578871,0.000306230434340461,0.000409580647469244,0.000307712762246325,0.00064426883552784,0.000299851849922758
0.000322222455708167,0.00062615824316344,0.000553009615587734,0.000390176533964495,0.00027871823395473,0.000224551185294814,0.000367000410946247,0.00178370988449049,0.000363295749701626
0.00024124477452923,0.000262322822012982,0.000357624930066602,0.0031489519174893,0.000283744314910877,0.000318138709406889,0.000451452375818638,0.000431705727605524,0.000337991080744548
0.00307802616282378,0.000317086603957848,0.000684878777945106,0.000345224534402281,0.000201254970576404,0.000246471601719413,0.000276885907516391,0.000636733157815627,0.000228521523673075
0.000594301424757168,0.000203677581426521,0.000682549407022214,0.000210867927615295,0.000659443556093947,0.0001997190434061,0.0137047789905285,0.000212067999528149,0.000958023799886066
0.000282699424468667,0.000454350498764759,0.000253148304789569,0.000210187554472417,0.000419379705144471,0.000256343608067909,0.00147339608918148,0.000495208217483037,0.000216608664506851
0.000232502380274619,0.00146096643512987,0.000400389002618328,0.000295972633554627,0.000574270186179812,0.000403433403229082,0.00152025943729953,0.000345631695697871,0.000218875218900993
0.00021566841952564,0.00045977597880302,0.000201814892225545,0.000487590330388278,0.00113519880485964,0.00031551340069899,0.0016304918882379,0.000456225144910372,0.000256090920276915
0.000989582033180194,0.000504859399764096,0.000378967995680988,0.000462885000741369,0.000235454127727788,0.000249676915498661,0.000222998455204558,0.000312977524519543,0.000202129401095445
0.00128974723327651,0.000252257022463779,0.000251125354565776,0.000632359545611588,0.000887962779689598,0.000274606588577218,0.000265555277024656,0.00138854491801361,0.000227666817983857
0.000548124075493551,0.000468597250780336,0.000303770342716463,0.000442636199768734,0.00114003118324333,0.000499973992350013,0.00043823443999384,0.000299113645401702,0.000541912403539378
0.000391917498455946,0.00859348404044161,0.00036566112740391,0.000448185114410885,0.00174498392048541,0.000241910152474492,0.000444077419738048,0.000259473095169169,0.000257786213766163
0.00207330878558277,0.000367935689521032,0.000283145498318352,0.000270387456813232,0.000243461813251074,0.000209894680057069,0.000211297509814037,0.00285358668050893,0.000268504035740771
0.000488742271022624,0.000344670660091773,0.00047978581437254,0.000352123223781003,0.000886110114125414,0.000413080322774307,0.00247826255561659,0.000220704075306599,0.000238865386504024
0.00938628896248166,0.000746099779696151,0.000310556331685493,0.000206968094834337,0.000872825212238114,0.000247201031066045,0.000388079148781834,0.00084528173138796,0.000301451753997643
0.000439539421832473,0.000607737612774183,0.000519552489431531,0.000389384886591947,0.000915312923399378,0.000237144615004792,0.00110879783285374,0.000227229930052531,0.00117324068128443
0.000205740767581155,0.000214071872298577,0.000281015605750124,0.000219557273592185,0.00241821430131063,0.00024691796633382,0.000351307235166082,0.00020971136649331,0.000229924412027343
0.00115148822117751,0.000602223251431595,0.00027503792727539,0.000536320879220954,0.000275928333822282,0.0177944735900632,0.000309594871913482,0.0032985898120286,0.000440038585322922
0.000364418150127673,0.000319639832412926,0.00111534432337724,0.00026342388709059,0.00231747257579361,0.000280640960005077,0.00151660253465686,0.00126240720010956,0.000700331155375207
0.000816504505094623,0.000242785999165504,0.000399712865668952,0.00170076656360128,0.00280268422767494,0.00124737596044141,0.000750313784651066,0.000207412468525887,0.000260310614629359
0.000731234006450954,0.000259075627708333,0.000308995421494522,0.000227337875350358,0.00022256525925037,0.000398254261308003,0.000294860108720387,0.000415123111893222,0.00260936666513602
0.000226730720706098,0.0124588600293281,0.00149787756184939,0.0015834386763068,0.000265821898726181,0.000332044758569119,0.000231297302562086,0.000260537614349328,0.00119855506822158
0.00840299596534217,0.000333052215540091,0.000369338104234241,0.00134805286763347,0.00105658658976778,0.000246557611262179,0.000725736866919383,0.000247953051935088,0.00655298872972794
0.00297287193403921,0.000596555583497604,0.000245018860755677,0.000268116655657458,0.000575905228581163,0.00121099568481656,0.000228924415969171,0.000233510588131639,0.000249388949806043
0.000219065491148007,0.000469189781378095,0.000482750737257566,0.00196273261675158,0.00037645561929037,0.000225164575923686,0.00036066957364259,0.00019841195448673,0.000214558511461188
0.000573116935664233,0.000213211316154232,0.00038089868103361,0.00143058145837787,0.00749092471646682,0.000297735988892353,0.000599227368199667,0.000235352566658968,0.00109003283664358
0.000265011119005175,0.00156507982779507,0.000783792010288513,0.000738992278144106,0.00028975916435316,0.000201504900566445,0.00724356590064135,0.000894132490513521,0.00174830976997745
0.00211410626466102,0.000646911765222987,0.000696729670505484,0.000373518817148854,0.000416673875334287,0.00103720074384355,0.000218138027949087,0.000899415384723712,0.000198074972101217
0.000248905564069624,0.000206113440370902,0.000278169885766742,0.000347128789074586,0.000226052769646613,0.00040630306260582,0.00027220960508407,0.000208832713037621,0.000258201095865349
0.000251330308567355,0.000210053692754368,0.000461436012012346,0.000306923191084521,0.0011793923343572,0.000246070948271544,0.000441311095237975,0.000350318412939907,0.000240501076488962
0.00164428408194659,0.000200451223620093,0.000611399611630516,0.00092644651175022,0.000238769767869933,0.00493481531295452,0.000223505267568412,0.00043366030764519,0.000237452276373281
0.00410480217637122,0.000322711391019718,0.00122163220636199,0.000300082814088619,0.000342335138970487,0.00021540618537904,0.000239581401709297,0.000335636885061471,0.000279827500129391
0.000766267664606588,0.000319225915213016,0.000232252682383141,0.000478170700099414,0.00180591690429342,0.000217928785742562,0.0010609448956033,0.000208506111872699,0.000285858948772102
0.000449217308411219,0.000421210649801271,0.000868101723883141,0.000314706189580546,0.00401833806295706,0.000366067434704817,0.0011624526803352,0.00526130452028993,0.000470758179983108
0.000340561884067166,0.000825196216910308,0.000754499077876697,0.000222776268510736,0.000406959192215362,0.00112343816492187,0.00371399382080928,0.00132728429992898,0.000250842107058794
0.00037608510002273,0.000243121372723609,0.000694963787448727,0.000270085888574997,0.000226277954206336,0.00111764026201114,0.00569810318933738,0.00101288969309753,0.000464062010910599
0.000291591673953507,0.000715562204001423,0.000496131788238715,0.000485973063790984,0.00020914325280976,0.000562391397902979,0.00051776560076943,0.000336348230425014,0.000332531756172893
0.000704511892981692,0.000427873478456719,0.000671772169736063,0.000239795237479149,0.000244042292737879,0.00160982056365518,0.000437152365579172,0.000201043435195889,0.00274184142189124
0.00035069671009408,0.000467118061319489,0.000287275179406025,0.000208267924472368,0.000775060819843875,0.00800397893646672,0.00245851126856647,0.000426631019142765,0.000586940799611554
0.000386886108539791,0.000846414121598031,0.000455253707469699,0.0002351300384085,0.000331015179715439,0.000929714695673204,0.000238155200797756,0.000284680387132989,0.00309117300848928
0.00020306659768205,0.000338421573307602,0.000206503063257212,0.000838034251915032,0.00028160618472099,0.000326913090494224,0.000353023350707277,0.000303311463353948,0.000724656679130261
0.000347535838636011,0.000799442541099437,0.0002318759464894,0.000934316491759955,0.00036290109888275,0.00140763699870615,0.000380303237730753,0.000593224329250524,0.000249169591628618
0.00144388934313156,0.000398690805245135,0.000302626183240032,0.000425749758147576,0.000335235890553242,0.000221116025586196,0.000213503228444833,0.000942957065808093,0.00101568597738454
0.00430395999029063,0.000224196410178556,0.000820427854650857,0.00064615114844645,0.00208453121640676,0.00198670671404347,0.000284121246619695,0.000253612516288933,0.000273897750154438
0.000678480877906455,0.000257985658874591,0.00172035808853302,0.000324232915544573,0.000218327557576222,0.00127948178578043,0.000229550497848709,0.000839388956981855,0.000802515750391477
0.000436175321080409,0.000263885005229773,0.000217665902094749,0.000216075703238713,0.000461168640075101,0.000217165436065412,0.003879215427458,0.00286928848847006,0.000197399988890787
0.000271691316603879,0.000777946718289987,0.000626370327573727,0.00189669431922163,0.000245555031306736,0.000288840809027254,0.000212850988704949,0.000539189947752647,0.000285223684062119
0.000334723042309211,0.000531817006341904,0.000709285835464225,0.000203728433205405,0.000207546698115418,0.000257283690028187,0.000336731446394791,0.000359227922735881,0.000325897019453265
0.000361985248723952,0.00269140028038272,0.0015703520658039,0.000333336002616633,0.000423639026429443,0.00341244881021531,0.000208141185476764,0.00589648406166284,0.0112013780453578
0.000200115300134747,0.0101155268293511,0.000329460113167403,0.000349048951323861,0.00325381222352166,0.000313486725725161,0.000236948422482675,0.00029528678018643,0.00164855374969241
0.000545793017258887,0.000384778786348426,0.000199275044826418,0.00106320686815648,0.000324605262582554,0.00200376871236554,0.000757574472367855,0.000937391154745356,0.000580944065401944
0.000298346897669732,0.00348710973468793,0.00218330292061157,0.00123447776369111,0.00028832214284138,0.000306951438135891,0.000228808715070633,0.000198665860614414,0.00481274743117989
0.00067725191214893,0.000354417235042975,0.000220923854805115,0.000359259155017692,0.000375369541157136,0.000357126906365623,0.000248230103652305,0.000321196899526059,0.000954696733398428
0.00130479711180557,0.000226840982368265,0.00160407306625114,0.000419083624377894,0.000242097763045898,0.000215160405333182,0.000533118519373791,0.000623206506949652,0.000334043799970502
0.000493032395168943,0.000674580561090336,0.0047652360114823,0.000196311675195516,0.000320550833800876,0.000650436799865981,0.000743143063829866,0.000392372577692291,0.000948066176623447
0.000245677955259271,0.000795746203248872,0.000670623235749622,0.00167825829474783,0.000256488301695452,0.00104472914424943,0.000509133747381119,0.000231083328826838,0.000370633355999248
0.000307973461057132,0.000349737273548727,0.000325228530911609,0.000292201421421805,0.000250194025310813,0.000290093873549823,0.000290297535667757,0.000917273206612004,0.000209066977098907
0.000822811175760138,0.000198394266024725,0.000390736324311355,0.000305851057050245,0.000368939287890999,0.000239349309384065,0.000301957041637965,0.00031610206552978,0.0141478071844455
0.000528746720098649,0.000486902120910971,0.000258619838178617,0.000813288772484407,0.000355117283853712,0.000292648294048786,0.000197903459955894,0.000551311659758439,0.000867099536014445
0.000850947581003111,0.000291102732248785,0.000196932202943491,0.000222331349749906,0.000272872493251661,0.00102026240960446,0.00023163195766982,0.000659580980991154,0.000251984847265433
0.000211536263199048,0.000277542956642402,0.000328523122892134,0.00226002034962262,0.000982282176064875,0.00022486876486643,0.000909961553113613,0.000328027015378841,0.00021708910657013
0.00353865592269668,0.000772071990155069,0.000233247964142683,0.000244181999906701,0.000210741120854137,0.000474135455325342,0.000601379488690357,0.000197062840853007,0.000326194827326712
0.000321859484278592,0.00374949913302366,0.000414475692649025,0.00141420117314354,0.000217360591029893,0.00271042475752483,0.000272481676095224,0.000667977145393842,0.000664659888203323
0.000266940346813451,0.00090676878733618,0.00192077700809178,0.00183000750815908,0.00029889096181765,0.000267752936202627,0.00058216013477864,0.000242442785836786,0.00395228072382307
0.000312727544857825,0.000229211102053735,0.000212536791317674,0.00321136348734748,0.000533987973207797,0.00037707369474992,0.000199073853006076,0.00251018139249246,0.000571855725617415
0.000199433316703325,0.000651383750251533,0.000277001441556672,0.000859290360374461,0.000396894009899209,0.000522588813336193,0.000793170178046034,0.00109625102898198,0.00130044663941153
0.000269102939061594,0.00143843528324819,0.000255177773434157,0.000285359101910208,0.0120760222751427,0.000323886058892522,0.0005690802726588,0.000718038168218139,0.000554841980719004
0.000318686250174241,0.000266475250708419,0.00020276122554564,0.000214880032549703,0.000315001100181745,0.000711772291487136,0.000689024996886807,0.000898648456586546,0.00438718157098994
0.00027789193534768,0.00166427186863252,0.000407963497513751,0.000654452153440788,0.000446999335638695,0.000589987327518499,0.000197748272456553,0.000780302667052883,0.000501992481292569
0.000222060320234248,0.000636033831594791,0.000247739005124645,0.000225786469423968,0.000198924374247955,0.000707481116712693,0.000286728630594451,0.000287351579265122,0.000205339695680516
0.000207213752895511,0.000343959486471136,0.000267377517154694,0.000305227197093335,0.00104836029720076,0.000327547258879164,0.000261064898435544,0.000200999234326791,0.000606855279005759
0.000404998153178139,0.00133822430064007,0.00620308674359904,0.00063139469047934,0.000230634466023063,0.000205036877626143,0.000383956949002278,0.000587970992970476,0.000279297190237546
0.00021139213036684,0.00154458136452009,0.000240871135085968,0.000202352907559316,0.00114605106869248,0.000212970653341901,0.000619246448933151,0.000304657543655864,0.000393187524060089
0.000232933168701514,0.000203359158737994,0.000230849887377418,0.000663343633596889,0.000760784164781108,0.00512295383809493,0.000395429396713306,0.000515042701243012,0.0102721203066231
0.00237250761479685,0.000539929871946557,0.000203173042641842,0.000235923329234078,0.000240612141016251,0.000200775583409616,0.0018527157560536,0.000471429700432364,0.000529529051484204
0.000293512612508995,0.000240170404476697,0.00125474361512,0.00136908009402793,0.000243779746686145,0.000236638238444303,0.00108463662409059,0.00107838081686224,0.000300836642508266
0.000503205297907882,0.000220261181238672,0.000506411324746251,0.000960977611871699,0.000428541395043182,0.000444871904026834,0.00036770885729151,0.00139639198946115,0.000609580778881367
0.000565218361425746,0.000493815639166319,0.000331127307416688,0.00181938462284748,0.000254149192691564,0.000320200859698381,0.00034304896542149,0.00049747121652266,0.000969843343433996
0.000762921857678167,0.000254376115917663,0.000197441829532602,0.000262768534428034,0.000830350469988261,0.000361485409837752,0.00148061629893986,0.000403130269937862,0.000261715904102928
0.000225336844643384,0.000788295276515583,0.00043541548879884,0.000241522184892787,0.000282031369428973,0.00455253184493183,0.000268853082173603,0.000297046337611369,0.000346187126620017
0.000578051089754658,0.000225748084439207,0.000238396946058925,0.000729027430295171,0.000311966080670406,0.000621445194118847,0.000482655591394985,0.000394171464131462,0.000223895353848886
0.000251778333359945,0.000293804670610199,0.000204238490681667,0.000432781566672057,0.000603381782587076,0.000224331249784934,0.00203187505563453,0.000383288343934513,0.000371718967846095
0.000323206790643522,0.00780029608943527,0.00116681365390639,0.000200290822257858,0.000515391699378343,0.000196652610800282,0.000205931625266296,0.00154371971483301,0.000352621103963419
0.000221701355819954,0.00177004410899985,0.000559328842700385,0.00214728925863892,0.000223423101787355,0.0165244281783059,0.000732936603017939,0.000568493081791591,0.000254935921179864
0.000480862166764176,0.000382585257648928,0.00265640187883401,0.00038864560162919,0.00170316254818884,0.00293739218257221,0.000219366327182465,0.00259468293028534,0.00148709970499428
0.000210520679482278,0.000221234654239509,0.000378084302829983,0.000401618622753218,0.000591899116518466,0.00334904119441749,0.000474732363479292,0.000234764635229633,0.000234415030944624
0.000616693819757275,0.00025274996098449,0.000640088796209063,0.000205542448575795,0.000276438890398592,0.000879478268268989,0.000230476873162393,0.0019053470739481,0.000430308076747849
0.00026454110446714,0.000358147594524383,0.000556541916459054,0.000507915875668123,0.000291553994721929,0.000221781280141963,0.000341776985666471,0.00228025418651914,0.000473367719347436
0.000408571411197488,0.00052141726532072,0.000211983532011184,0.00559675423842371,0.000505761434169347,0.000199827139361341,0.00031086323904351,0.000807697872115165,0.000270619439375587
0.000615362809759046,0.000309847944080882,0.0021302261704971,0.000921370034808761,0.00194662211239637,0.000422458863482546,0.00233953749594129,0.000316694442674803,0.000228265685390682
0.000302758821205066,0.000269625031343423,0.000213634431904755,0.000289205923333699,0.000280037925806459,0.000283373381247968,0.00303009291965784,0.000248647004328108,0.000429674523390415
0.000364768856043016,0.000281887695093732,0.000213888342399599,0.000680259618467417,0.000273159078199213,0.000202558801716951,0.000317724027114593,0.000372388279291036,0.000629794834928301
0.000876161322238596,0.000207791908635097,0.00124085718354,0.000421054122444913,0.000457559026047794,0.00136240428630138,0.000558664098400412,0.000526470778725467,0.000737575614600595
0.000998720019282754,0.000561859792066394,0.000311593787062459,0.000410925924095418,0.000236190817081386,0.000220029585820357,0.000693708911149925,0.000491455797834361,0.000450670350980157
0.000543075607044934,0.000216763060358885,0.00096594952488963,0.000253294632445805,0.000370976109955689,0.000219944318863044,0.000518542679251948,0.000214399171817784,0.000524363985545711
0.00138199940713166,0.000196443297752641,0.00118563470099835,0.000413985797718744,0.000977939454020765,0.000465911756384521,0.00119511292546156,0.000237830570053063,0.00132248002225244
0.00103334899972516,0.00131538849549446,0.000286277510090239,0.000373098032663942,0.000655855430251624,0.000255616486876115,0.000549611325296048,0.000296679584783788,0.000274338305563313
0.000499221800591532,0.00102796004531618,0.000703444883430672,0.000304534227115358,0.000278845113748464,0.000579305428245469,0.000551085158082463,0.00046550373625026,0.000257036630925379
0.000308583723805186,0.000262128035065891,0.000263080122951647,0.000442844894271294,0.000356646945721764,0.0023804402554271,0.000212393404350912,0.000260073432259499,0.000295854125710728
0.000385894646977242,0.000425236676716842,0.00027556776286667,0.000204630307714357,0.000353569850413975,0.000232778243230197,0.000458691831663438,0.000294260094748851,0.000201872822001557
0.000266141111447273,0.000544535980772026,0.00024525858434284,0.000250508982300332,0.000360295065540165,0.000833213205603814,0.00538927290356992,0.000340113607652818,0.000206347057099464
0.000613280120272128,0.000434643541385664,0.000209386461891695,0.000526273909209805,0.000264002510963758,0.000484080859610796,0.000244715135809254,0.000453610044313313,0.000265282458696373
0.00219690155218542,0.000343633293939485,0.00384285963804205,0.00608192906498764,0.000416851879654388,0.000337424332743149,0.00086214117958053,0.0010741708593905,0.00100644515659693
0.000565907800096116,0.000510178277067945,0.000273793945365285,0.000512464092538581,0.000204863850589808,0.000476577184464361,0.00110265909038463,0.000424257243712002,0.000747873241669218
0.00127270008684157,0.000234008162806605,0.000259679821316105,0.000490893732990933,0.00041008443649486,0.000401023225226134,0.000446492710743517,0.00027124440102508,0.000271133024192944
0.000261241188826734,0.000288029133364827,0.00643873866212575,0.000404183817154396,0.000347940941796399,0.000689737761663482,0.000512832654527103,0.00205615865991769,0.00361402492750754
0.000767088962100356,0.000355398232809025,0.000806667949346304,0.00422681078430909,0.000229960985636598,0.00021863373778114,0.000206716054203864,0.000536131801888233,0.000204046226371299
0.000234043360170164,0.00461775247549304,0.000418179213534178,0.000215738562957956,0.000584051175144435,0.000196063825830041,0.000786150853831112,0.000411678846517959,0.00918228216441089
0.000452059105726813,0.000396578292908121,0.000228009672981031,0.000204434920208445,0.0025304690211656,0.000339302385858428,0.00693596876451339,0.000340746588377502,0.000477857811774405
0.00121661849444409,0.000394589231973336,0.000293232586213548,0.000988329841819178,0.00222706350052757,0.000329180362443557,0.000313942792620789,0,0
0,0,0,0,0,0,0,0,0
0,0,0,0,0,0,0,0,0
0,0,0,0,0,0,0,0,0
0,0,0,0,0,0,0,0,0
0,0,0,0,0,0,0,0,0
0,0,0,0,0,0,0,0,0
0,0,0,0,0,0,0,0,0
0,0,0,0,0,0,0,0,0
0,0,0,0,0,0,0,0,0
0,0,0,0,0,0,0,0,0
0,0,0,0,0,0,0,0,0
0,0,0,0,0,0,0,0,0
0,0,0,0,0,0,0,0,0
0,0,0,0,0,0,0,0,0
0,0,0,0,0,0,0,0,0
0,0,0,0,0,0,0,0,0
0,0,0,0,0,0,0,0,0
0,0,0,0,0,0,0,0,0
0,0,0,0,0,0,0,0,0
0,0,0,0,0,0,0,0,0
0,0,0,0,0,0,0,0,0
0,0,0,0,0,0,0,0,0
0,0,0,0,0,0,0,0,0
0,0,0,0,0,0,0,0,0
0,0,0,0,0,0,0,0,0
0,0,0,0,0,0,0,0,0
0,0,0,0,0,0,0,0,0
0,0,0,0,0,0,0,0,0
0,0,0,0,0,0,0,0,0
0,0,0,0,0,0,0,0,0
0,0,0,0,0,0,0,0,0
0,0,0,0,0,0,0,0,0
0,0,0,0,0,0,0,0,0
0,0,0,0,0,0,0,0,0
0,0,0,0,0,0,0,0,0
0,0,0,0,0,0,0,0,0
0,0,0,0,0,0,0,0,0
0,0,0,0,0,0,0,0,0
0,0,0,0,0,0,0,0,0
0,0,0,0,0,0,0,0,0
0,0,0,0,0,0,0,0,0
0,0,0,0,0,0,0,0,0
0,0,0,0,0,0,0,0,0
0,0,0,0,0,0,0,0,0
0,0,0,0,0,0,0,0,0
0,0,0,0,0,0,0,0,0
0,0,0,0,0,0,0,0,0
0,0,0,0,0,0,0,0,0
0,0,0,0,0,0,0,0,0
0,0,0,0,0,0,0,0,0
0,0,0,0,0,0,0,0,0
0,0,0,0,0,0,0,0,0
0,0,0,0,0,0,0,0,0
0,0,0,0,0,0,0,0,0
0,0,0,0,0,0,0,0,0
0,0,0,0,0,0,0,0,0
0,0,0,0,0,0,0,0,0
0,0,0,0,0,0,0,0,0
0,0,0,0,0,0,0,0,0
0,0,0,0,0,0,0,0,0
0,0,0,0,0,0,0,0,0
0,0,0,0,0,0,0,0,0
0,0,0,0,0,0,0,0,0
0,0,0,0,0,0,0,0,0
0,0,0,0,0,0,0,0,0
0,0,0,0,0,0,0,0,0
0,0,0,0,0,0,0,0,0
0,0,0,0,0,0,0,0,0
0,0,0,0,0,0,0,0,0
0,0,0,0,0,0,0,0,0
0,0,0,0,0,0,0,0,0
0,0,0,0,0,0,0,0,0
0,0,0,0,0,0,0,0,0
0,0,0,0,0,0,0,0,0
0,0,0,0,0,0,0,0,0
0,0,0,0,0,0,0,0,0
0,0,0,0,0,0,0,0,0
0,0,0,0,0,0,0,0,0
0,0,0,0,0,0,0,0,0
0,0,0,0,0,0,0,0,0
0,0,0,0,0,0,0,0,0
0,0,0,0,0,0,0,0,0
0,0,0,0,0,0,0,0,0
0,0,0,0,0,0,0,0,0
0,0,0,0,0,0,0,0,0
0,0,0,0,0,0,0,0,0
0,0,0,0,0,0,0,0,0
0,0,0,0,0,0,0,0,0
0,0,0,0,0,0,0,0,0
0,0,0,0,0,0,0,0,0
0,0,0,0,0,0,0,0,0
0,0,0,0,0,0,0,0,0
0,0,0,0,0,0,0,0,0
0,0,0,0,0,0,0,0,0
0,0,0,0,0,0,0,0,0
0,0,0,0,0,0,0,0,0
0,0,0,0,0,0,0,0,0
0,0,0,0,0,0,0,0,0
0,0,0,0,0,0,0,0,0
0,0,0,0,0,0,0,0,0
0,0,0,0,0,0,0,0,0
0,0,0,0,0,0,0,0,0
0,0,0,0,0,0,0,0,0
0,0,0,0,0,0,0,0,0
0,0,0,0,0,0,0,0,0
0,0,0,0,0,0,0,0,0
0,0,0,0,0,0,0,0,0
0,0,0,0,0,0,0,0,0
0,0,0,0,0,0,0,0,0
0,0,0,0,0,0,0,0,0
0,0,0,0,0,0,0,0,501
501,501,501,501,501,501,501,501,501
501,501,501,501,501,501,501,501,501
501,501,501,501,501,501,501,501,501
501,501,501,501,501,501,501,501,501
501,501,501,501,501,501,501,501,501
501,501,501,501,501,501,501,501,501
501,501,501,501,501,501,501,501,501
501,501,501,501,501,501,501,501,501
501,501,501,501,501,501,501,501,501
501,501,501,501,501,501,501,501,501
501,501,501,501,501,501,501,501,501
501,501,501,501,501,501,501,501,501
501,501,501,501,501,501,501,501,501
501,501,501,501,501,501,501,501,501
501,501,501,501,501,501,501,501,501
501,501,501,501,501,501,501,501,501
501,501,501,501,501,501,501,501,501
501,501,501,501,501,501,501,501,501
501,501,501,501,501,501,501,501,501
501,501,501,501,501,501,501,501,501
501,501,501,501,501,501,501,501,501
501,501,501,501,501,501,501,501,501
501,501,501,501,501,501,501,501,501
501,501,501,501,501,501,501,501,501
501,501,501,501,501,501,501,501,501
501,501,501,501,501,501,501,501,501
501,501,501,501,501,501,501,501,501
501,501,501,501,501,501,501,501,501
501,501,501,501,501,501,501,501,501
501,501,501,501,501,501,501,501,501
501,501,501,501,501,501,501,501,501
501,501,501,501,501,501,501,501,501
501,501,501,501,501,501,501,501,501
501,501,501,501,501,501,501,501,501
501,501,501,501,501,501,501,501,501
501,501,501,501,501,501,501,501,501
501,501,501,501,501,501,501,501,501
501,501,501,501,501,501,501,501,501
501,501,501,501,501,501,501,501,501
501,501,501,501,501,501,501,501,501
501,501,501,501,501,501,501,501,501
501,501,501,501,501,501,501,501,501
501,501,501,501,501,501,501,501,501
501,501,501,501,501,501,501,501,501
501,501,501,501,501,501,501,501,501
501,501,501,501,501,501,501,501,501
501,501,501,501,501,501,501,501,501
501,501,501,501,501,501,501,501,501
501,501,501,501,501,501,501,501,501
501,501,501,501,501,501,501,501,501
501,501,501,501,501,501,501,501,501
501,501,501,501,501,501,501,501,501
501,501,501,501,501,501,501,501,501
501,501,501,501,501,501,501,501,501
501,501,501,501,501,501,501,501,501
501,501,501,501,501,501,501,501,501
501,501,501,501,501,501,501,501,501
501,501,501,501,501,501,501,501,501
501,501,501,501,501,501,501,501,501
501,501,501,501,501,501,501,501,501
501,501,501,501,501,501,501,501,501
501,501,501,501,501,501,501,501,501
501,501,501,501,501,501,501,501,501
501,501,501,501,501,501,501,501,501
501,501,501,501,501,501,501,501,501
501,501,501,501,501,501,501,501,501
501,501,501,501,501,501,501,501,501
501,501,501,501,501,501,501,501,501
501,501,501,501,501,501,501,501,501
501,501,501,501,501,501,501,501,501
501,501,501,501,501,501,501,501,501
501,501,501,501,501,501,501,501,501
501,501,501,501,501,501,501,501,501
501,501,501,501,501,501,501,501,501
501,501,501,501,501,501,501,501,501
501,501,501,501,501,501,501,501,501
501,501,501,501,501,501,501,501,501
501,501,501,501,501,501,501,501,501
501,501,501,501,501,501,501,501,501
501,501,501,501,501,501,501,501,501
501,501,501,501,501,501,501,501,501
501,501,501,501,501,501,501,501,501
501,501,501,501,501,501,501,501,501
501,501,501,501,501,501,501,501,501
501,501,501,501,501,501,501,501,501
501,501,501,501,501,501,501,501,501
501,501,501,501,501,501,501,501,501
501,501,501,501,501,501,501,501,501
501,501,501,501,501,501,501,501,501
501,501,501,501,501,501,501,501,501
501,501,501,501,501,501,501,501,501
501,501,501,501,501,501,501,501,501
501,501,501,501,501,501,501,501,501
501,501,501,501,501,501,501,501,501
501,501,501,501,501,501,501,501,501
501,501,501,501,501,501,501,501,501
501,501,501,501,501,501,501,501,501
501,501,501,501,501,501,501,501,501
501,501,501,501,501,501,501,501,501
501,501,501,501,501,501,501,501,501
501,501,501,501,501,501,501,501,501
501,501,501,501,501,501,501,501,501
501,501,501,501,501,501,501,501,501
501,501,501,501,501,501,501,501,501
501,501,501,501,501,501,501,501,501
501,501,501,501,501,501,501,501,501
501,501,501,501,501,501,501,501,501
501,501,501,501,501,501,501,501,501
501,501,501,501,501,501,501,501,501
501,501,501,501,501,501,501,501,501
501,501,501,501,501,501,501,501,501
